a√±o,mes,mes_nombre,entidad_operadora,nro_dispositivos,nro_transacciones,monto,entidad_operadora_normalizada,nro_feriados,nro_dias,especie_monetaria_circulacion,liquidez_total_m2,oferta_monetaria_m1
2019,1,Enero,Datafast,66219,8436874,583105760.13,Datafast,1.0,1.0,15501.35,52873.4,24643.71
2019,2,Febrero,Datafast,66828,7941863,552187693.82,Datafast,0.0,0.0,15514.71,53416.42,24901.06
2019,3,Marzo,Datafast,67594,8890154,617330734.37,Datafast,1.0,2.0,15616.17,53747.06,24995.89
2019,4,Abril,Datafast,68289,9046261,646562123.31,Datafast,1.0,1.0,15794.43,54011.82,24883.39
2019,5,Mayo,Datafast,68961,9398658,666359890.42,Datafast,2.0,2.0,15811.22,54009.15,24695.29
2019,6,Junio,Datafast,68988,9344085,653993247.77,Datafast,0.0,0.0,15845.23,54271.29,24720.54
2019,7,Julio,Datafast,69901,9502118,670862610.61,Datafast,0.0,0.0,15891.79,54680.12,24921.39
2019,8,Agosto,Datafast,70971,9740681,706040554.81,Datafast,1.0,1.0,16135.62,55371.99,25033.94
2019,9,Septiembre,Datafast,71761,9347881,679342317.09,Datafast,0.0,0.0,16047.57,55160.34,24989.0
2019,10,Octubre,Datafast,71740,8886954,596900645.54,Datafast,1.0,1.0,16394.3,55772.32,25209.84
2019,11,Noviembre,Datafast,74602,9949825,694770189.58,Datafast,2.0,2.0,16390.25,56147.25,25363.35
2019,12,Diciembre,Datafast,76118,12189146,839989954.98,Datafast,1.0,1.0,16966.2,57967.69,26196.71
2019,1,Enero,Medianet,21139,2187556,106537824.6,Medianet,1.0,1.0,15501.35,52873.4,24643.71
2019,2,Febrero,Medianet,21110,2113078,106997132.92,Medianet,0.0,0.0,15514.71,53416.42,24901.06
2019,3,Marzo,Medianet,21533,2380785,118482559.99,Medianet,1.0,2.0,15616.17,53747.06,24995.89
2019,4,Abril,Medianet,21736,2320204,118694769.71,Medianet,1.0,1.0,15794.43,54011.82,24883.39
2019,5,Mayo,Medianet,21718,2373813,118521412.68,Medianet,2.0,2.0,15811.22,54009.15,24695.29
2019,6,Junio,Medianet,21595,2371144,108641558.01,Medianet,0.0,0.0,15845.23,54271.29,24720.54
2019,7,Julio,Medianet,21589,2392340,112144297.69,Medianet,0.0,0.0,15891.79,54680.12,24921.39
2019,8,Agosto,Medianet,21690,2402980,121616322.46,Medianet,1.0,1.0,16135.62,55371.99,25033.94
2019,9,Septiembre,Medianet,21803,2372118,111292036.85,Medianet,0.0,0.0,16047.57,55160.34,24989.0
2019,10,Octubre,Medianet,27578,2317640,120216870.43,Medianet,1.0,1.0,16394.3,55772.32,25209.84
2019,11,Noviembre,Medianet,29009,2485278,132814148.63,Medianet,2.0,2.0,16390.25,56147.25,25363.35
2019,12,Diciembre,Medianet,31925,3281976,191108674.33,Medianet,1.0,1.0,16966.2,57967.69,26196.71
2019,1,Enero,Banco del Austro,5762,451609,25519873.37,Banco Del Austro,1.0,1.0,15501.35,52873.4,24643.71
2019,2,Febrero,Banco del Austro,5771,398207,22859497.74,Banco Del Austro,0.0,0.0,15514.71,53416.42,24901.06
2019,3,Marzo,Banco del Austro,5851,403937,24019287.57,Banco Del Austro,1.0,2.0,15616.17,53747.06,24995.89
2019,4,Abril,Banco del Austro,5922,482573,28902883.04,Banco Del Austro,1.0,1.0,15794.43,54011.82,24883.39
2019,5,Mayo,Banco del Austro,5919,472334,26626932.78,Banco Del Austro,2.0,2.0,15811.22,54009.15,24695.29
2019,6,Junio,Banco del Austro,5829,435372,24668656.5,Banco Del Austro,0.0,0.0,15845.23,54271.29,24720.54
2019,7,Julio,Banco del Austro,5934,508612,27575887.2,Banco Del Austro,0.0,0.0,15891.79,54680.12,24921.39
2019,8,Agosto,Banco del Austro,5850,470339,26913028.26,Banco Del Austro,1.0,1.0,16135.62,55371.99,25033.94
2019,9,Septiembre,Banco del Austro,5889,494272,26988273.89,Banco Del Austro,0.0,0.0,16047.57,55160.34,24989.0
2019,10,Octubre,Banco del Austro,5726,401339,22778866.1,Banco Del Austro,1.0,1.0,16394.3,55772.32,25209.84
2019,11,Noviembre,Banco del Austro,5817,432116,23713105.04,Banco Del Austro,2.0,2.0,16390.25,56147.25,25363.35
2019,12,Diciembre,Banco del Austro,5962,574797,31147257.39,Banco Del Austro,1.0,1.0,16966.2,57967.69,26196.71
2019,1,Enero,Banco Solidario,338,982,138153.97,Banco Solidario,1.0,1.0,15501.35,52873.4,24643.71
2019,2,Febrero,Banco Solidario,411,1202,140637.31,Banco Solidario,0.0,0.0,15514.71,53416.42,24901.06
2019,3,Marzo,Banco Solidario,406,1317,180523.03,Banco Solidario,1.0,2.0,15616.17,53747.06,24995.89
2019,4,Abril,Banco Solidario,100,165,22411.58,Banco Solidario,1.0,1.0,15794.43,54011.82,24883.39
2019,5,Mayo,Banco Solidario,417,1340,197447.13,Banco Solidario,2.0,2.0,15811.22,54009.15,24695.29
2019,6,Junio,Banco Solidario,373,1280,194357.33,Banco Solidario,0.0,0.0,15845.23,54271.29,24720.54
2019,7,Julio,Banco Solidario,289,1031,204043.52,Banco Solidario,0.0,0.0,15891.79,54680.12,24921.39
2019,8,Agosto,Banco Solidario,274,1004,200254.66,Banco Solidario,1.0,1.0,16135.62,55371.99,25033.94
2019,9,Septiembre,Banco Solidario,263,1047,206058.37,Banco Solidario,0.0,0.0,16047.57,55160.34,24989.0
2019,10,Octubre,Banco Solidario,227,720,157556.95,Banco Solidario,1.0,1.0,16394.3,55772.32,25209.84
2019,11,Noviembre,Banco Solidario,264,880,178941.7,Banco Solidario,2.0,2.0,16390.25,56147.25,25363.35
2019,12,Diciembre,Banco Solidario,266,941,214912.07,Banco Solidario,1.0,1.0,16966.2,57967.69,26196.71
2020,1,Enero,Datafast,74824,9613980,652121794.94,Datafast,1.0,1.0,16682.28,57594.5,25715.65
2020,2,Febrero,Datafast,75095,9617702,624189400.1,Datafast,1.0,2.0,16683.73,58187.41,26136.51
2020,3,Marzo,Datafast,70501,6741740,482605094.69,Datafast,0.0,0.0,17135.95,57896.9,26319.28
2020,4,Abril,Datafast,30556,2898459,237419248.24,Datafast,1.0,1.0,17848.07,58463.93,26715.36
2020,5,Mayo,Datafast,49083,4028854,319758389.65,Datafast,2.0,2.0,18152.7,58949.96,27138.48
2020,6,Junio,Datafast,63428,6119025,454884420.35,Datafast,0.0,0.0,18209.89,59394.0,27401.06
2020,7,Julio,Datafast,66142,6944060,494148296.46,Datafast,0.0,0.0,18019.86,59501.88,27144.52
2020,8,Agosto,Datafast,67956,7447859,524551291.66,Datafast,1.0,1.0,17943.98,60086.98,27274.79
2020,9,Septiembre,Datafast,70178,7671485,540951779.04,Datafast,0.0,0.0,17850.41,60492.98,27283.21
2020,10,Octubre,Datafast,72679,8516142,563704189.49,Datafast,1.0,1.0,17528.51,61464.41,27320.85
2020,11,Noviembre,Datafast,73115,8554734,582496578.81,Datafast,2.0,2.0,17432.26,61319.57,27491.46
2020,12,Diciembre,Datafast,74800,10492406,714218238.41,Datafast,1.0,1.0,17959.92,63821.32,28409.5
2020,1,Enero,Medianet,30489,2683149,152041122.59,Medianet,1.0,1.0,16682.28,57594.5,25715.65
2020,2,Febrero,Medianet,30121,2579097,145559301.12,Medianet,1.0,2.0,16683.73,58187.41,26136.51
2020,3,Marzo,Medianet,28269,1860682,119232206.72,Medianet,0.0,0.0,17135.95,57896.9,26319.28
2020,4,Abril,Medianet,14261,699450,52523507.97,Medianet,1.0,1.0,17848.07,58463.93,26715.36
2020,5,Mayo,Medianet,19657,861275,60983664.84,Medianet,2.0,2.0,18152.7,58949.96,27138.48
2020,6,Junio,Medianet,25703,1464694,94332557.86,Medianet,0.0,0.0,18209.89,59394.0,27401.06
2020,7,Julio,Medianet,26141,1789232,107178158.84,Medianet,0.0,0.0,18019.86,59501.88,27144.52
2020,8,Agosto,Medianet,26357,2131806,118561245.46,Medianet,1.0,1.0,17943.98,60086.98,27274.79
2020,9,Septiembre,Medianet,27451,2352145,127528083.08,Medianet,0.0,0.0,17850.41,60492.98,27283.21
2020,10,Octubre,Medianet,29055,2947689,146760241.53,Medianet,1.0,1.0,17528.51,61464.41,27320.85
2020,11,Noviembre,Medianet,29185,2965484,153457710.41,Medianet,2.0,2.0,17432.26,61319.57,27491.46
2020,12,Diciembre,Medianet,29949,3675525,187875150.74,Medianet,1.0,1.0,17959.92,63821.32,28409.5
2020,1,Enero,Banco del Austro,5790,465455,26090102.03,Banco Del Austro,1.0,1.0,16682.28,57594.5,25715.65
2020,2,Febrero,Banco del Austro,5736,422560,22828959.48,Banco Del Austro,1.0,2.0,16683.73,58187.41,26136.51
2020,3,Marzo,Banco del Austro,5484,272006,15390812.79,Banco Del Austro,0.0,0.0,17135.95,57896.9,26319.28
2020,4,Abril,Banco del Austro,2287,71438,5788237.89,Banco Del Austro,1.0,1.0,17848.07,58463.93,26715.36
2020,5,Mayo,Banco del Austro,3373,105191,7915679.79,Banco Del Austro,2.0,2.0,18152.7,58949.96,27138.48
2020,6,Junio,Banco del Austro,4507,206946,12752684.01,Banco Del Austro,0.0,0.0,18209.89,59394.0,27401.06
2020,7,Julio,Banco del Austro,4641,226521,12998940.27,Banco Del Austro,0.0,0.0,18019.86,59501.88,27144.52
2020,8,Agosto,Banco del Austro,4827,256947,14251519.41,Banco Del Austro,1.0,1.0,17943.98,60086.98,27274.79
2020,9,Septiembre,Banco del Austro,5012,286489,15107448.86,Banco Del Austro,0.0,0.0,17850.41,60492.98,27283.21
2020,10,Octubre,Banco del Austro,5211,323966,17494847.35,Banco Del Austro,1.0,1.0,17528.51,61464.41,27320.85
2020,11,Noviembre,Banco del Austro,5301,359326,18679758.64,Banco Del Austro,2.0,2.0,17432.26,61319.57,27491.46
2020,12,Diciembre,Banco del Austro,5434,389147,21095524.73,Banco Del Austro,1.0,1.0,17959.92,63821.32,28409.5
2020,1,Enero,Banco Solidario,211,685,134497.47,Banco Solidario,1.0,1.0,16682.28,57594.5,25715.65
2020,2,Febrero,Banco Solidario,197,608,105522.26,Banco Solidario,1.0,2.0,16683.73,58187.41,26136.51
2020,3,Marzo,Banco Solidario,139,324,60539.21,Banco Solidario,0.0,0.0,17135.95,57896.9,26319.28
2020,4,Abril,Banco Solidario,25,48,19199.32,Banco Solidario,1.0,1.0,17848.07,58463.93,26715.36
2020,5,Mayo,Banco Solidario,3,5,4935.6,Banco Solidario,2.0,2.0,18152.7,58949.96,27138.48
2020,6,Junio,Banco Solidario,101,199,54422.66,Banco Solidario,0.0,0.0,18209.89,59394.0,27401.06
2020,7,Julio,Banco Solidario,111,234,52117.69,Banco Solidario,0.0,0.0,18019.86,59501.88,27144.52
2020,8,Agosto,Banco Solidario,96,178,49821.65,Banco Solidario,1.0,1.0,17943.98,60086.98,27274.79
2020,9,Septiembre,Banco Solidario,96,183,39021.65,Banco Solidario,0.0,0.0,17850.41,60492.98,27283.21
2020,10,Octubre,Banco Solidario,35,54,12358.07,Banco Solidario,1.0,1.0,17528.51,61464.41,27320.85
2020,11,Noviembre,Banco Solidario,16,23,4550.73,Banco Solidario,2.0,2.0,17432.26,61319.57,27491.46
2020,12,Diciembre,Banco Solidario,14,16,2447.55,Banco Solidario,1.0,1.0,17959.92,63821.32,28409.5
2021,1,Enero,Datafast,72827,8536116,545604683.68,Datafast,1.0,1.0,17679.28,63141.97,27826.33
2021,2,Febrero,Datafast,72408,8130438,510034757.41,Datafast,1.0,2.0,17660.98,63199.85,27818.05
2021,3,Marzo,Datafast,74389,9298556,605306430.68,Datafast,0.0,0.0,17737.47,63928.88,28433.19
2021,4,Abril,Datafast,74479,8496328,560870487.49,Datafast,2.0,2.0,17930.83,64332.16,28241.93
2021,5,Mayo,Datafast,75607,8595387,585125331.42,Datafast,1.0,1.0,17934.3,64513.99,28295.87
2021,6,Junio,Datafast,77070,9702460,622986444.91,Datafast,0.0,0.0,17907.24,65050.55,28252.74
2021,7,Julio,Datafast,77761,10493489,649245805.23,Datafast,0.0,0.0,17925.17,65724.75,28472.71
2021,8,Agosto,Datafast,78107,10834016,682818156.25,Datafast,1.0,1.0,17956.22,66318.48,28673.3
2021,9,Septiembre,Datafast,79092,10653794,655919863.66,Datafast,0.0,0.0,17965.89,67114.03,28930.55
2021,10,Octubre,Datafast,80013,11295136,669525396.09,Datafast,1.0,1.0,18273.42,67692.77,29161.43
2021,11,Noviembre,Datafast,80997,11515242,719690747.92,Datafast,2.0,2.0,18128.51,67919.47,29428.06
2021,12,Diciembre,Datafast,82508,14229372,875872917.84,Datafast,1.0,1.0,18683.97,70075.39,30254.96
2021,1,Enero,Medianet,28515,2986743,143630122.75,Medianet,1.0,1.0,17679.28,63141.97,27826.33
2021,2,Febrero,Medianet,26549,2824259,134894549.15,Medianet,1.0,2.0,17660.98,63199.85,27818.05
2021,3,Marzo,Medianet,26124,3279572,156835844.38,Medianet,0.0,0.0,17737.47,63928.88,28433.19
2021,4,Abril,Medianet,25355,3056383,152235716.24,Medianet,2.0,2.0,17930.83,64332.16,28241.93
2021,5,Mayo,Medianet,22156,2267353,106316719.42,Medianet,1.0,1.0,17934.3,64513.99,28295.87
2021,6,Junio,Medianet,22905,2605112,115670747.63,Medianet,0.0,0.0,17907.24,65050.55,28252.74
2021,7,Julio,Medianet,23411,2854952,123320428.03,Medianet,0.0,0.0,17925.17,65724.75,28472.71
2021,8,Agosto,Medianet,23964,2854296,127254799.95,Medianet,1.0,1.0,17956.22,66318.48,28673.3
2021,9,Septiembre,Medianet,26537,2735061,123067419.75,Medianet,0.0,0.0,17965.89,67114.03,28930.55
2021,10,Octubre,Medianet,24650,2825301,126261035.13,Medianet,1.0,1.0,18273.42,67692.77,29161.43
2021,11,Noviembre,Medianet,23458,2797591,128947480.23,Medianet,2.0,2.0,18128.51,67919.47,29428.06
2021,12,Diciembre,Medianet,23044,3334692,154734645.33,Medianet,1.0,1.0,18683.97,70075.39,30254.96
2021,1,Enero,Banco del Austro,5058,323164,16824059.67,Banco Del Austro,1.0,1.0,17679.28,63141.97,27826.33
2021,2,Febrero,Banco del Austro,5070,321970,16248127.69,Banco Del Austro,1.0,2.0,17660.98,63199.85,27818.05
2021,3,Marzo,Banco del Austro,5234,397107,20597210.23,Banco Del Austro,0.0,0.0,17737.47,63928.88,28433.19
2021,4,Abril,Banco del Austro,5194,304708,16526691.47,Banco Del Austro,2.0,2.0,17930.83,64332.16,28241.93
2021,5,Mayo,Banco del Austro,5340,336169,18193079.99,Banco Del Austro,1.0,1.0,17934.3,64513.99,28295.87
2021,6,Junio,Banco del Austro,5399,383174,20131885.71,Banco Del Austro,0.0,0.0,17907.24,65050.55,28252.74
2021,7,Julio,Banco del Austro,5418,392257,19961144.55,Banco Del Austro,0.0,0.0,17925.17,65724.75,28472.71
2021,8,Agosto,Banco del Austro,5486,453870,22960734.26,Banco Del Austro,1.0,1.0,17956.22,66318.48,28673.3
2021,9,Septiembre,Banco del Austro,5434,426926,21171029.46,Banco Del Austro,0.0,0.0,17965.89,67114.03,28930.55
2021,10,Octubre,Banco del Austro,5339,407947,20798570.68,Banco Del Austro,1.0,1.0,18273.42,67692.77,29161.43
2021,11,Noviembre,Banco del Austro,5502,466441,24238314.86,Banco Del Austro,2.0,2.0,18128.51,67919.47,29428.06
2021,12,Diciembre,Banco del Austro,5498,499071,26381887.68,Banco Del Austro,1.0,1.0,18683.97,70075.39,30254.96
2022,1,Enero,Datafast,79673,10709453,621985511.17,Datafast,0.0,0.0,18352.07,69239.45,29590.12
2022,2,Febrero,Datafast,80174,10809496,620814525.11,Datafast,1.0,1.0,18439.18,70046.45,29554.67
2022,3,Marzo,Datafast,81048,12121993,709838484.4,Datafast,1.0,1.0,18360.04,71033.33,30176.47
2022,4,Abril,Datafast,80447,12300683,738058765.11,Datafast,1.0,1.0,18559.34,70908.39,29664.74
2022,5,Mayo,Datafast,80425,12796023,744220636.88,Datafast,2.0,2.0,18436.59,71141.79,29594.13
2022,6,Junio,Datafast,78846,11481106,653465744.52,Datafast,0.0,0.0,18555.11,71391.04,29541.45
2022,7,Julio,Datafast,80801,12917472,739404873.59,Datafast,0.0,0.0,18550.73,71671.62,29414.37
2022,8,Agosto,Datafast,81141,12820323,774730212.65,Datafast,1.0,1.0,18588.49,72494.98,29650.81
2022,9,Septiembre,Datafast,81104,12596811,744090153.13,Datafast,0.0,0.0,18602.56,72737.82,29507.66
2022,10,Octubre,Datafast,81586,13199519,760119263.78,Datafast,1.0,1.0,18689.49,72880.73,29442.38
2022,11,Noviembre,Datafast,81820,12803563,765231337.75,Datafast,2.0,2.0,18957.9,73420.53,29667.63
2022,12,Diciembre,Datafast,82266,15925503,932839600.27,Datafast,1.0,1.0,19226.42,75310.32,30190.8
2022,1,Enero,Medianet,21782,2600940,113312551.37,Medianet,0.0,0.0,18352.07,69239.45,29590.12
2022,2,Febrero,Medianet,21225,2507973,113019821.78,Medianet,1.0,1.0,18439.18,70046.45,29554.67
2022,3,Marzo,Medianet,21091,2722589,123261109.26,Medianet,1.0,1.0,18360.04,71033.33,30176.47
2022,4,Abril,Medianet,20516,2572712,126184252.21,Medianet,1.0,1.0,18559.34,70908.39,29664.74
2022,5,Mayo,Medianet,21009,3982731,172810060.11,Medianet,2.0,2.0,18436.59,71141.79,29594.13
2022,6,Junio,Medianet,19737,2244754,104507070.87,Medianet,0.0,0.0,18555.11,71391.04,29541.45
2022,7,Julio,Medianet,22029,2930537,127736374.58,Medianet,0.0,0.0,18550.73,71671.62,29414.37
2022,8,Agosto,Medianet,22561,2841807,128937579.81,Medianet,1.0,1.0,18588.49,72494.98,29650.81
2022,9,Septiembre,Medianet,23359,4821856,194812546.48,Medianet,0.0,0.0,18602.56,72737.82,29507.66
2022,10,Octubre,Medianet,23769,5123165,201743159.68,Medianet,1.0,1.0,18689.49,72880.73,29442.38
2022,11,Noviembre,Medianet,21835,4734487,188072145.87,Medianet,2.0,2.0,18957.9,73420.53,29667.63
2022,12,Diciembre,Medianet,24303,6038795,239476007.85,Medianet,1.0,1.0,19226.42,75310.32,30190.8
2022,1,Enero,Banco del Austro,5275,408759,20718836.69,Banco Del Austro,0.0,0.0,18352.07,69239.45,29590.12
2022,2,Febrero,Banco del Austro,5220,354587,18185694.6,Banco Del Austro,1.0,1.0,18439.18,70046.45,29554.67
2022,3,Marzo,Banco del Austro,5360,499754,25609738.65,Banco Del Austro,1.0,1.0,18360.04,71033.33,30176.47
2022,4,Abril,Banco del Austro,5182,442491,22799945.93,Banco Del Austro,1.0,1.0,18559.34,70908.39,29664.74
2022,5,Mayo,Banco del Austro,5112,499750,25048697.14,Banco Del Austro,2.0,2.0,18436.59,71141.79,29594.13
2022,6,Junio,Banco del Austro,4885,408696,19851777.63,Banco Del Austro,0.0,0.0,18555.11,71391.04,29541.45
2022,7,Julio,Banco del Austro,4879,437440,21430275.57,Banco Del Austro,0.0,0.0,18550.73,71671.62,29414.37
2022,8,Agosto,Banco del Austro,4940,512807,25352495.57,Banco Del Austro,1.0,1.0,18588.49,72494.98,29650.81
2022,9,Septiembre,Banco del Austro,5049,445819,22288945.53,Banco Del Austro,0.0,0.0,18602.56,72737.82,29507.66
2022,10,Octubre,Banco del Austro,5613,466534,22446005.18,Banco Del Austro,1.0,1.0,18689.49,72880.73,29442.38
2022,11,Noviembre,Banco del Austro,6041,451684,21654169.69,Banco Del Austro,2.0,2.0,18957.9,73420.53,29667.63
2022,12,Diciembre,Banco del Austro,6066,541881,26733060.31,Banco Del Austro,1.0,1.0,19226.42,75310.32,30190.8
2023,1,Enero,Datafast,79728,13049325,723152542.28,Datafast,1.0,1.0,18900.64,74852.72,29932.29
2023,2,Febrero,Datafast,78772,12204448,659598458.21,Datafast,1.0,2.0,18878.35,75331.19,29945.17
2023,3,Marzo,Datafast,80464,13552629,774275650.52,Datafast,0.0,0.0,18995.92,76768.81,30788.16
2023,4,Abril,Datafast,79931,13840902,769308451.69,Datafast,1.0,1.0,19160.14,76697.24,29948.66
2023,5,Mayo,Datafast,80748,14267086,782065723.53,Datafast,2.0,2.0,19110.34,76539.04,29954.21
2023,6,Junio,Datafast,80381,13895788,749931053.2,Datafast,0.0,0.0,19120.12,76519.02,29696.36
2023,7,Julio,Datafast,80687,14556421,773156369.51,Datafast,0.0,0.0,19149.79,76563.01,29579.5
2023,8,Agosto,Datafast,80832,14209541,783368074.8,Datafast,1.0,1.0,19249.5,77661.06,29807.87
2023,9,Septiembre,Datafast,80356,13933120,752829971.49,Datafast,0.0,0.0,19304.07,77724.47,29606.27
2023,10,Octubre,Datafast,80272,13562713,729041215.02,Datafast,1.0,1.0,19332.48,77979.61,29676.94
2023,11,Noviembre,Datafast,80069,13767336,774617155.18,Datafast,2.0,2.0,19305.94,78387.23,29967.92
2023,12,Diciembre,Datafast,80722,17033301,948491839.47,Datafast,1.0,1.0,19818.38,80343.61,30488.99
2023,1,Enero,Medianet,23766,5127147,189726024.25,Medianet,1.0,1.0,18900.64,74852.72,29932.29
2023,2,Febrero,Medianet,23860,4803178,175756121.62,Medianet,1.0,2.0,18878.35,75331.19,29945.17
2023,3,Marzo,Medianet,24730,5526982,207701183.77,Medianet,0.0,0.0,18995.92,76768.81,30788.16
2023,4,Abril,Medianet,25227,5877941,222115761.4,Medianet,1.0,1.0,19160.14,76697.24,29948.66
2023,5,Mayo,Medianet,25612,5993406,219304007.49,Medianet,2.0,2.0,19110.34,76539.04,29954.21
2023,6,Junio,Medianet,25880,5959537,216526841.99,Medianet,0.0,0.0,19120.12,76519.02,29696.36
2023,7,Julio,Medianet,26361,6267871,229590026.13,Medianet,0.0,0.0,19149.79,76563.01,29579.5
2023,8,Agosto,Medianet,26675,6185689,232239587.34,Medianet,1.0,1.0,19249.5,77661.06,29807.87
2023,9,Septiembre,Medianet,24481,5562056,204612790.53,Medianet,0.0,0.0,19304.07,77724.47,29606.27
2023,10,Octubre,Medianet,27672,6155510,219930166.45,Medianet,1.0,1.0,19332.48,77979.61,29676.94
2023,11,Noviembre,Medianet,28366,6372752,237523067.17,Medianet,2.0,2.0,19305.94,78387.23,29967.92
2023,12,Diciembre,Medianet,28795,7330743,244677371.98,Medianet,1.0,1.0,19818.38,80343.61,30488.99
2023,1,Enero,Banco del Austro,5853,516191,24432693.97,Banco Del Austro,1.0,1.0,18900.64,74852.72,29932.29
2023,2,Febrero,Banco del Austro,5841,486293,22234249.19,Banco Del Austro,1.0,2.0,18878.35,75331.19,29945.17
2023,3,Marzo,Banco del Austro,5889,553743,26545162.53,Banco Del Austro,0.0,0.0,18995.92,76768.81,30788.16
2023,4,Abril,Banco del Austro,5968,533513,25198135.09,Banco Del Austro,1.0,1.0,19160.14,76697.24,29948.66
2023,5,Mayo,Banco del Austro,6282,653128,29573498.28,Banco Del Austro,2.0,2.0,19110.34,76539.04,29954.21
2023,6,Junio,Banco del Austro,6289,601812,27562855.56,Banco Del Austro,0.0,0.0,19120.12,76519.02,29696.36
2023,7,Julio,Banco del Austro,6453,661253,30164369.71,Banco Del Austro,0.0,0.0,19149.79,76563.01,29579.5
2023,8,Agosto,Banco del Austro,6555,639827,29323859.51,Banco Del Austro,1.0,1.0,19249.5,77661.06,29807.87
2023,9,Septiembre,Banco del Austro,6482,608390,27170207.25,Banco Del Austro,0.0,0.0,19304.07,77724.47,29606.27
2023,10,Octubre,Banco del Austro,6749,687389,29740844.23,Banco Del Austro,1.0,1.0,19332.48,77979.61,29676.94
2023,11,Noviembre,Banco del Austro,6919,669652,29220181.57,Banco Del Austro,2.0,2.0,19305.94,78387.23,29967.92
2023,12,Diciembre,Banco del Austro,7005,754269,33604016.55,Banco Del Austro,1.0,1.0,19818.38,80343.61,30488.99
2024,1,Enero,Datafast,78387,12777849,682271739.6,Datafast,1.0,1.0,19496.48,79308.68,29914.05
2024,2,Febrero,Datafast,78714,12978894,682196117.64,Datafast,1.0,2.0,19507.7,80099.19,29922.63
2024,3,Marzo,Datafast,79980,14456769,802125757.68,Datafast,1.0,1.0,19551.16,80747.7,30055.16
2024,4,Abril,Datafast,79289,13534137,708421493.46,Datafast,0.0,0.0,19659.83,81192.92,29888.51
2024,5,Mayo,Datafast,79560,14326306,749797692.98,Datafast,2.0,2.0,19641.13,81633.84,29633.51
2024,6,Junio,Datafast,79978,14192584,724084969.53,Datafast,0.0,0.0,19682.31,82395.4,29738.44
2024,7,Julio,Datafast,81334,14451037,753602867.87,Datafast,0.0,0.0,19647.5,82912.15,29737.02
2024,8,Agosto,Datafast,81429,14887973,773591315.07,Datafast,1.0,1.0,19792.52,84163.46,30027.81
2024,9,Septiembre,Datafast,80159,13647420,713060139.16,Datafast,0.0,0.0,19754.7,84617.5,30079.87
2024,10,Octubre,Datafast,80134,14334476,714872525.41,Datafast,1.0,1.0,19866.15,85874.27,30432.59
2024,11,Noviembre,Datafast,87802,15315220,775168695.34,Datafast,2.0,2.0,19965.19,86665.57,31044.44
2024,12,Diciembre,Datafast,86383,18230049,949150718.57,Datafast,1.0,1.0,20302.2,88484.87,31461.76
2024,1,Enero,Medianet,27977,5981674,189735072.12,Medianet,1.0,1.0,19496.48,79308.68,29914.05
2024,2,Febrero,Medianet,28301,6174213,197522950.0,Medianet,1.0,2.0,19507.7,80099.19,29922.63
2024,3,Marzo,Medianet,28518,6311677,201146297.73,Medianet,1.0,1.0,19551.16,80747.7,30055.16
2024,4,Abril,Medianet,29524,6730213,216264220.3,Medianet,0.0,0.0,19659.83,81192.92,29888.51
2024,5,Mayo,Medianet,29795,7066002,219881107.43,Medianet,2.0,2.0,19641.13,81633.84,29633.51
2024,6,Junio,Medianet,29742,6938562,210274186.05,Medianet,0.0,0.0,19682.31,82395.4,29738.44
2024,7,Julio,Medianet,29801,7049586,218968441.81,Medianet,0.0,0.0,19647.5,82912.15,29737.02
2024,8,Agosto,Medianet,30144,7062704,212731002.34,Medianet,1.0,1.0,19792.52,84163.46,30027.81
2024,9,Septiembre,Medianet,30606,6978413,212361996.37,Medianet,0.0,0.0,19754.7,84617.5,30079.87
2024,10,Octubre,Medianet,31093,7277552,208950876.3,Medianet,1.0,1.0,19866.15,85874.27,30432.59
2024,11,Noviembre,Medianet,32311,8753741,317497963.58,Medianet,2.0,2.0,19965.19,86665.57,31044.44
2024,12,Diciembre,Medianet,32216,10455514,394561342.23,Medianet,1.0,1.0,20302.2,88484.87,31461.76
2024,1,Enero,Banco del Austro,6993,717874,30302837.96,Banco Del Austro,1.0,1.0,19496.48,79308.68,29914.05
2024,2,Febrero,Banco del Austro,6814,690726,28430531.16,Banco Del Austro,1.0,2.0,19507.7,80099.19,29922.63
2024,3,Marzo,Banco del Austro,6873,759715,32290907.29,Banco Del Austro,1.0,1.0,19551.16,80747.7,30055.16
2024,4,Abril,Banco del Austro,7014,730506,30845615.89,Banco Del Austro,0.0,0.0,19659.83,81192.92,29888.51
2024,5,Mayo,Banco del Austro,6128,760839,31738849.3,Banco Del Austro,2.0,2.0,19641.13,81633.84,29633.51
2024,6,Junio,Banco del Austro,5812,685539,27857454.64,Banco Del Austro,0.0,0.0,19682.31,82395.4,29738.44
2024,7,Julio,Banco del Austro,5955,820984,33369903.78,Banco Del Austro,0.0,0.0,19647.5,82912.15,29737.02
2024,8,Agosto,Banco del Austro,5847,760316,31615855.23,Banco Del Austro,1.0,1.0,19792.52,84163.46,30027.81
2024,9,Septiembre,Banco del Austro,5944,794768,32620299.84,Banco Del Austro,0.0,0.0,19754.7,84617.5,30079.87
2024,10,Octubre,Banco del Austro,5914,792822,31525991.25,Banco Del Austro,1.0,1.0,19866.15,85874.27,30432.59
2024,11,Noviembre,Banco del Austro,5916,775302,29874568.52,Banco Del Austro,2.0,2.0,19965.19,86665.57,31044.44
2024,12,Diciembre,Banco del Austro,5854,965000,38376136.51,Banco Del Austro,1.0,1.0,20302.2,88484.87,31461.76
2025,1,Enero,Datafast,82881,14926367,729502943.08,Datafast,1.0,1.0,19925.58,88682.12,31282.8
2025,2,Febrero,Datafast,82950,14129027,692925385.55,Datafast,0.0,0.0,19866.58,89845.34,31354.5
2025,3,Marzo,Datafast,83609,15766883,772614170.25,Datafast,1.0,2.0,122366.2,90599.4,31766.8
2025,4,Abril,Datafast,84115,15521209,767911668.22,Datafast,1.0,1.0,123384.0,91724.2,31659.8
2025,5,Mayo,Datafast,85589,16335766,808189332.69,Datafast,2.0,2.0,125208.9,93182.1,32026.8
2025,1,Enero,Medianet,31735,8499028,290930788.87,Medianet,1.0,1.0,19925.58,88682.12,31282.8
2025,2,Febrero,Medianet,31802,8055647,279469763.53,Medianet,0.0,0.0,19866.58,89845.34,31354.5
2025,3,Marzo,Medianet,35847,10267516,369887908.24,Medianet,1.0,2.0,122366.2,90599.4,31766.8
2025,4,Abril,Medianet,36838,10316239,380970135.0,Medianet,1.0,1.0,123384.0,91724.2,31659.8
2025,5,Mayo,Medianet,37674,11052879,394691441.84,Medianet,2.0,2.0,125208.9,93182.1,32026.8
2025,1,Enero,Banco del Austro,5690,791391,31362576.05,Banco Del Austro,1.0,1.0,19925.58,88682.12,31282.8
2025,2,Febrero,Banco del Austro,5756,772911,29948699.83,Banco Del Austro,0.0,0.0,19866.58,89845.34,31354.5
2025,3,Marzo,Banco del Austro,5763,890763,34916680.24,Banco Del Austro,1.0,2.0,122366.2,90599.4,31766.8
2025,4,Abril,Banco del Austro,5716,823661,33320558.2,Banco Del Austro,1.0,1.0,123384.0,91724.2,31659.8
2025,5,Mayo,Banco del Austro,5704,846304,33649480.27,Banco Del Austro,2.0,2.0,125208.9,93182.1,32026.8
2016,1,enero,Datafast,41908,2509853,243082291.38,Datafast,1.0,1.0,11494.35,39773.99,18841.48
2016,1,enero,Medianet,12098,718075,42114458.0,Medianet,1.0,1.0,11494.35,39773.99,18841.48
2016,1,enero,Banco del Austro,5152,203730,12882228.35,Banco Del Austro,1.0,1.0,11494.35,39773.99,18841.48
2017,1,enero,Datafast S.A.,40661,2558232,246941864.05,Datafast,1.0,1.0,12979.48,45257.48,21912.19
2017,1,enero,Medianet S.A.,12059,591399,62082711.0,Medianet,1.0,1.0,12979.48,45257.48,21912.19
2017,1,enero,Banco del Austro S.A.,4694,214604,12117966.59,Banco Del Austro,1.0,1.0,12979.48,45257.48,21912.19
2018,1,enero,Datafast S.A.,51270,3129919,293408734.75,Datafast,1.0,1.0,14492.2,49914.38,23951.93
2018,1,enero,Medianet S.A.,10420,898778,58258639.47,Medianet,1.0,1.0,14492.2,49914.38,23951.93
2018,1,enero,Banco del Austro S.A.,4830,264960,25506371.83,Banco Del Austro,1.0,1.0,14492.2,49914.38,23951.93
2016,2,febrero,Datafast,41029,2445285,247264381.73,Datafast,1.0,2.0,11504.23,39941.03,19250.48
2016,2,febrero,Medianet,12077,706017,40905546.0,Medianet,1.0,2.0,11504.23,39941.03,19250.48
2016,2,febrero,Banco del Austro,5547,197076,12902284.68,Banco Del Austro,1.0,2.0,11504.23,39941.03,19250.48
2017,2,febrero,Datafast S.A.,40532,2412998,234241978.44,Datafast,1.0,2.0,13147.25,45980.08,22193.52
2017,2,febrero,Medianet S.A.,12059,669842,42550933.0,Medianet,1.0,2.0,13147.25,45980.08,22193.52
2017,2,febrero,Banco del Austro S.A.,4861,212085,11234391.87,Banco Del Austro,1.0,2.0,13147.25,45980.08,22193.52
2018,2,febrero,Datafast S.A.,51308,2935797,275437684.8,Datafast,1.0,2.0,14508.14,50338.67,24065.59
2018,2,febrero,Medianet S.A.,10390,859242,55318040.93,Medianet,1.0,2.0,14508.14,50338.67,24065.59
2018,2,febrero,Banco del Austro S.A.,4740,253077,14071128.83,Banco Del Austro,1.0,2.0,14508.14,50338.67,24065.59
2016,3,marzo,Datafast,41058,2604309,263686717.82,Datafast,1.0,1.0,11563.48,40394.85,19534.08
2016,3,marzo,Medianet,12037,746328,44191211.0,Medianet,1.0,1.0,11563.48,40394.85,19534.08
2016,3,marzo,Banco del Austro,5753,205594,13653896.63,Banco Del Austro,1.0,1.0,11563.48,40394.85,19534.08
2017,3,marzo,Datafast S.A.,40642,2724607,288868861.4,Datafast,0.0,0.0,13301.04,47075.93,23032.94
2017,3,marzo,Medianet S.A.,12059,760016,49280833.0,Medianet,0.0,0.0,13301.04,47075.93,23032.94
2017,3,marzo,Banco del Austro S.A.,4857,236889,23682631.4,Banco Del Austro,0.0,0.0,13301.04,47075.93,23032.94
2018,3,marzo,Datafast S.A.,52524,3371396,343603552.4,Datafast,1.0,1.0,14721.22,51152.9,24427.19
2018,3,marzo,Medianet S.A.,10390,956182,64259346.86,Medianet,1.0,1.0,14721.22,51152.9,24427.19
2018,3,marzo,Banco del Austro S.A.,4891,272974,16054307.22,Banco Del Austro,1.0,1.0,14721.22,51152.9,24427.19
2016,4,abril,Datafast,41430,2478134,247292797.66,Datafast,0.0,0.0,12036.93,40546.65,19551.04
2016,4,abril,Medianet,12136,719212,45223977.0,Medianet,0.0,0.0,12036.93,40546.65,19551.04
2016,4,abril,Banco del Austro,5870,195921,12814711.95,Banco Del Austro,0.0,0.0,12036.93,40546.65,19551.04
2017,4,abril,Datafast S.A.,40829,2912630,280886308.19,Datafast,1.0,1.0,13582.73,47310.79,22842.3
2017,4,abril,Medianet S.A.,12059,677586,43299800.0,Medianet,1.0,1.0,13582.73,47310.79,22842.3
2017,4,abril,Banco del Austro S.A.,4830,231796,13356035.84,Banco Del Austro,1.0,1.0,13582.73,47310.79,22842.3
2018,4,abril,Datafast S.A.,53272,3315400,332091718.93,Datafast,1.0,1.0,14863.0,51100.73,23979.42
2018,4,abril,Medianet S.A.,10390,798180,55554232.16,Medianet,1.0,1.0,14863.0,51100.73,23979.42
2018,4,abril,Banco del Austro S.A.,4919,253855,14919259.94,Banco Del Austro,1.0,1.0,14863.0,51100.73,23979.42
2015,5,mayo,Datafast,38747,10580001,1127439913.81,Datafast,,,,,
2015,5,mayo,Medianet,12340,3715835,239041620.51,Medianet,,,,,
2015,5,mayo,Banco del Austro,7309,983745,60863353.21,Banco Del Austro,,,,,
2016,5,mayo,Datafast,41686,2708040,262068757.55,Datafast,1.0,1.0,12019.26,40646.73,19867.41
2016,5,mayo,Medianet,12136,775291,46538053.0,Medianet,1.0,1.0,12019.26,40646.73,19867.41
2016,5,mayo,Banco del Austro,5928,239835,13740070.78,Banco Del Austro,1.0,1.0,12019.26,40646.73,19867.41
2017,5,mayo,Datafast S.A.,41332,3034122,281128640.48,Datafast,2.0,2.0,13642.39,47129.41,22703.75
2017,5,mayo,Medianet S.A.,12059,800243,52166866.0,Medianet,2.0,2.0,13642.39,47129.41,22703.75
2017,5,mayo,Banco del Austro S.A.,4860,268614,14389468.01,Banco Del Austro,2.0,2.0,13642.39,47129.41,22703.75
2018,5,mayo,Datafast S.A.,54081,3440234,339393630.95,Datafast,1.0,1.0,14799.45,50897.41,23880.58
2018,5,mayo,Medianet S.A.,10390,1130927,70643856.37,Medianet,1.0,1.0,14799.45,50897.41,23880.58
2018,5,mayo,Banco del Austro S.A.,5018,294957,15647629.27,Banco Del Austro,1.0,1.0,14799.45,50897.41,23880.58
2015,6,junio,Datafast,39040,2182088,216524194.14,Datafast,,,,,
2015,6,junio,Medianet,12382,987288,75896463.0,Medianet,,,,,
2015,6,junio,Banco del Austro,7696,273997,15445740.1,Banco Del Austro,,,,,
2016,6,junio,Datafast,41583,2589906,237118184.79,Datafast,0.0,0.0,12033.69,41331.59,20216.59
2016,6,junio,Medianet,12136,826285,47490228.0,Medianet,0.0,0.0,12033.69,41331.59,20216.59
2016,6,junio,Banco del Austro,4934,212221,11801533.11,Banco Del Austro,0.0,0.0,12033.69,41331.59,20216.59
2017,6,junio,Datafast S.A.,41545,2986732,273139458.6,Datafast,0.0,0.0,13730.2,47586.69,22824.91
2017,6,junio,Medianet S.A.,12059,813425,51884859.0,Medianet,0.0,0.0,13730.2,47586.69,22824.91
2017,6,junio,Banco del Austro S.A.,5070,240224,12973554.02,Banco Del Austro,0.0,0.0,13730.2,47586.69,22824.91
2018,6,junio,Datafast S.A.,54518,3411718,323210395.75,Datafast,0.0,0.0,14910.82,51259.86,24057.5
2018,6,junio,Medianet S.A.,10389,953122,66537566.46,Medianet,0.0,0.0,14910.82,51259.86,24057.5
2018,6,junio,Banco del Austro S.A.,4974,285328,15231415.03,Banco Del Austro,0.0,0.0,14910.82,51259.86,24057.5
2015,7,julio,Datafast,39560,2463600,238576255.63,Datafast,,,,,
2015,7,julio,Medianet,12382,1059003,82680523.0,Medianet,,,,,
2015,7,julio,Banco del Austro,7344,211826,14067780.29,Banco Del Austro,,,,,
2016,7,julio,Datafast,41712,2750916,249916112.74,Datafast,0.0,0.0,12161.62,41624.46,20253.32
2016,7,julio,Medianet,12136,686312,44922570.0,Medianet,0.0,0.0,12161.62,41624.46,20253.32
2016,7,julio,Banco del Austro,4856,228247,12887332.25,Banco Del Austro,0.0,0.0,12161.62,41624.46,20253.32
2017,7,julio,Datafast S.A.,41717,2973773,279971803.21,Datafast,0.0,0.0,13776.09,47499.92,22812.3
2017,7,julio,Medianet S.A.,10876,908117,56986738.0,Medianet,0.0,0.0,13776.09,47499.92,22812.3
2017,7,julio,Banco del Austro S.A.,4846,281060,14525361.2,Banco Del Austro,0.0,0.0,13776.09,47499.92,22812.3
2018,7,julio,Datafast S.A.,55345,3510995,329897920.14,Datafast,0.0,0.0,15003.07,51299.67,23983.44
2018,7,julio,Medianet S.A.,10390,997421,68784451.53,Medianet,0.0,0.0,15003.07,51299.67,23983.44
2018,7,julio,Banco del Austro S.A.,4930,307188,16200522.24,Banco Del Austro,0.0,0.0,15003.07,51299.67,23983.44
2015,8,agosto,Datafast,40235,2648297,289581012.41,Datafast,,,,,
2015,8,agosto,Medianet,12279,814064,54320543.0,Medianet,,,,,
2015,8,agosto,Banco del Austro,7767,229080,16107041.56,Banco Del Austro,,,,,
2016,8,agosto,Datafast,41953,2725513,293842425.33,Datafast,1.0,1.0,12291.67,42704.33,20631.45
2016,8,agosto,Medianet,12059,779863,47752634.0,Medianet,1.0,1.0,12291.67,42704.33,20631.45
2016,8,agosto,Banco del Austro,4847,219904,13092721.52,Banco Del Austro,1.0,1.0,12291.67,42704.33,20631.45
2017,8,agosto,Datafast S.A.,42343,2934264,313159838.53,Datafast,1.0,1.0,13943.51,47775.11,22992.93
2017,8,agosto,Medianet S.A.,10853,886027,55255366.0,Medianet,1.0,1.0,13943.51,47775.11,22992.93
2017,8,agosto,Banco del Austro S.A.,4866,277056,14790068.06,Banco Del Austro,1.0,1.0,13943.51,47775.11,22992.93
2018,8,agosto,Datafast S.A.,56866,3648361,381906761.9,Datafast,1.0,1.0,15190.49,51663.34,24297.85
2018,8,agosto,Medianet S.A.,10704,982486,71500115.33,Medianet,1.0,1.0,15190.49,51663.34,24297.85
2018,8,agosto,Banco del Austro S.A.,4912,316874,17482300.08,Banco Del Austro,1.0,1.0,15190.49,51663.34,24297.85
2015,9,septiembre,Datafast,40705,2560633,256124219.13,Datafast,,,,,
2015,9,septiembre,Medianet,12285,767017,52095261.0,Medianet,,,,,
2015,9,septiembre,Banco del Austro,7795,305093,15799686.76,Banco Del Austro,,,,,
2016,9,septiembre,Datafast,42025,2656957,275766383.85,Datafast,0.0,0.0,12367.71,43257.45,20794.54
2016,9,septiembre,Medianet,12059,899972,52264979.0,Medianet,0.0,0.0,12367.71,43257.45,20794.54
2016,9,septiembre,Banco del Austro,4800,213592,13060724.42,Banco Del Austro,0.0,0.0,12367.71,43257.45,20794.54
2017,9,septiembre,Datafast S.A.,43016,2925681,307899284.81,Datafast,0.0,0.0,13965.81,47658.54,22779.33
2017,9,septiembre,Medianet S.A.,10641,855251,54530447.0,Medianet,0.0,0.0,13965.81,47658.54,22779.33
2017,9,septiembre,Banco del Austro S.A.,4915,264162,14882788.29,Banco Del Austro,0.0,0.0,13965.81,47658.54,22779.33
2018,9,septiembre,Datafast S.A.,57996,3510452,354180240.17,Datafast,0.0,0.0,15151.68,51720.47,24092.29
2018,9,septiembre,Medianet S.A.,10704,999233,70187061.0,Medianet,0.0,0.0,15151.68,51720.47,24092.29
2018,9,septiembre,Banco del Austro S.A.,4938,287275,16087407.53,Banco Del Austro,0.0,0.0,15151.68,51720.47,24092.29
2015,10,octubre,Datafast,41409,2665325,246711710.83,Datafast,,,,,
2015,10,octubre,Medianet,12211,763017,51574312.0,Medianet,,,,,
2015,10,octubre,Banco del Austro,7243,440302,30298170.32,Banco Del Austro,,,,,
2016,10,octubre,Datafast,42236,2709478,253967077.8,Datafast,1.0,1.0,12379.56,43617.73,20805.08
2016,10,octubre,Medianet,12233,981626,53362441.0,Medianet,1.0,1.0,12379.56,43617.73,20805.08
2016,10,octubre,Banco del Austro,4801,229599,13236311.07,Banco Del Austro,1.0,1.0,12379.56,43617.73,20805.08
2017,10,octubre,Datafast S.A.,48811,3007058,288659360.4,Datafast,1.0,1.0,14047.74,48166.55,23149.97
2017,10,octubre,Medianet S.A.,10236,928028,55983853.0,Medianet,1.0,1.0,14047.74,48166.55,23149.97
2017,10,octubre,Banco del Austro S.A.,4940,282768,15750979.6,Banco Del Austro,1.0,1.0,14047.74,48166.55,23149.97
2018,10,octubre,Datafast S.A.,58907,3547422,342475132.5,Datafast,1.0,1.0,15327.62,51826.37,24261.75
2018,10,octubre,Medianet S.A.,10704,1043709,73702283.0,Medianet,1.0,1.0,15327.62,51826.37,24261.75
2018,10,octubre,Banco del Austro S.A.,4935,308933,16984170.39,Banco Del Austro,1.0,1.0,15327.62,51826.37,24261.75
2015,11,noviembre,Datafast,41783,2710265,269401030.71,Datafast,,,,,
2015,11,noviembre,Medianet,12157,778264,51058564.0,Medianet,,,,,
2015,11,noviembre,Banco del Austro,7283,231816,15269663.03,Banco Del Austro,,,,,
2016,11,noviembre,Datafast,42819,2682561,263986739.74,Datafast,2.0,2.0,12414.64,44001.39,21140.03
2016,11,noviembre,Medianet,12059,985274,55142533.0,Medianet,2.0,2.0,12414.64,44001.39,21140.03
2016,11,noviembre,Banco del Austro,4777,220726,12585262.56,Banco Del Austro,2.0,2.0,12414.64,44001.39,21140.03
2017,11,noviembre,Datafast S.A.,50100,3126334,319177749.58,Datafast,2.0,2.0,14170.54,48835.51,23657.0
2017,11,noviembre,Medianet S.A.,10236,959363,61072967.0,Medianet,2.0,2.0,14170.54,48835.51,23657.0
2017,11,noviembre,Banco del Austro S.A.,4950,278032,15913566.3,Banco Del Austro,2.0,2.0,14170.54,48835.51,23657.0
2018,11,noviembre,Datafast S.A.,60316,3637337,367163202.12,Datafast,1.0,1.0,15346.37,52167.68,24542.6
2018,11,noviembre,Medianet S.A.,10704,1094798,79218078.0,Medianet,1.0,1.0,15346.37,52167.68,24542.6
2018,11,noviembre,Banco del Austro S.A.,5050,316372,17174021.46,Banco Del Austro,1.0,1.0,15346.37,52167.68,24542.6
2015,12,diciembre,Datafast,41877,3111214,309338309.22,Datafast,,,,,
2015,12,diciembre,Medianet,12136,809396,53611489.0,Medianet,,,,,
2015,12,diciembre,Banco del Austro,7316,229929,14078115.07,Banco Del Austro,,,,,
2016,12,diciembre,Datafast,43142,3070387,295920483.36,Datafast,1.0,1.0,13261.12,46188.27,22634.8
2016,12,diciembre,Medianet,12059,1106907,65057546.0,Medianet,1.0,1.0,13261.12,46188.27,22634.8
2016,12,diciembre,Banco del Austro,4816,248813,13940687.31,Banco Del Austro,1.0,1.0,13261.12,46188.27,22634.8
2017,12,diciembre,Datafast S.A.,50786,3692989,339632248.92,Datafast,1.0,1.0,14858.68,50790.78,24530.51
2017,12,diciembre,Medianet S.A.,10420,995506,63442166.0,Medianet,1.0,1.0,14858.68,50790.78,24530.51
2017,12,diciembre,Banco del Austro S.A.,4973,309209,17198564.85,Banco Del Austro,1.0,1.0,14858.68,50790.78,24530.51
2018,12,diciembre,Datafast S.A.,61248,4129320,388211730.17,Datafast,1.0,2.0,15915.87,53664.74,25259.94
2018,12,diciembre,Medianet S.A.,10704,1222536,84639333.0,Medianet,1.0,2.0,15915.87,53664.74,25259.94
2018,12,diciembre,Banco del Austro S.A.,4940,347413,18742887.53,Banco Del Austro,1.0,2.0,15915.87,53664.74,25259.94
