entidad,anio,mes,nro_puntos_ventas,nro_consumos,monto_facturado,nro_feriados,nro_dias_feriados,especie_monetaria_circulacion,liquidez_total_m2,oferta_monetaria_m1,monto_log,fecha,fin_de_anio,mom_pct,yoy_pct,shock_pandemia,rebote_pospandemia
banco del austro,2016,1,5152,203730,12882228.35,1.0,1.0,11494.35,39773.99,18841.48,16.371359349842923,2016-01-01,True,-8.494650839645402,-56.98568410941264,False,False
banco del austro,2016,2,5547,197076,12902284.68,1.0,2.0,11504.23,39941.03,19250.48,16.372915038132707,2016-02-01,False,0.1556899121416322,-63.04836372955255,False,False
banco del austro,2016,3,5753,205594,13653896.63,1.0,1.0,11563.48,40394.85,19534.08,16.429535579495607,2016-03-01,False,5.8254175027240285,-59.022605359594515,False,False
banco del austro,2016,4,5870,195921,12814711.95,0.0,0.0,12036.93,40546.65,19551.04,16.366104517997638,2016-04-01,False,-6.146118597061633,-61.91705831063049,False,False
banco del austro,2016,5,5928,239835,13740070.78,1.0,1.0,12019.26,40646.73,19867.41,16.43582706890786,2016-05-01,False,7.221066174647794,-77.4247226691702,False,False
banco del austro,2016,6,4934,212221,11801533.11,0.0,0.0,12033.69,41331.59,20216.59,16.283740090307447,2016-06-01,False,-14.108643987640356,-23.59360552752018,False,False
banco del austro,2016,7,4856,228247,12887332.25,0.0,0.0,12161.62,41624.46,20253.32,16.37175546832937,2016-07-01,False,9.200492257060656,-8.391146404519223,False,False
banco del austro,2016,8,4847,219904,13092721.52,1.0,1.0,12291.67,42704.33,20631.45,16.38756710098142,2016-08-01,False,1.5937299203254485,-18.71429975996164,False,False
banco del austro,2016,9,4800,213592,13060724.42,0.0,0.0,12367.71,43257.45,20794.54,16.385120225446094,2016-09-01,False,-0.24438845622066774,-17.335548366276598,False,False
banco del austro,2016,10,4801,229599,13236311.07,1.0,1.0,12379.56,43617.73,20805.08,16.398474525110462,2016-10-01,False,1.344386761052263,-56.313166999187956,False,False
banco del austro,2016,11,4777,220726,12585262.56,2.0,2.0,12414.64,44001.39,21140.03,16.348037128724002,2016-11-01,False,-4.918655254904037,-17.579958802797492,False,False
banco del austro,2016,12,4816,248813,13940687.31,1.0,1.0,13261.12,46188.27,22634.8,16.450322338691727,2016-12-01,True,10.76993621339275,-0.9761801158512551,False,False
banco del austro,2017,1,4694,214604,12117966.59,1.0,1.0,12979.48,45257.48,21912.19,16.310199833949742,2017-01-01,True,-13.074826796326732,-5.932682911959097,False,False
banco del austro,2017,2,4861,212085,11234391.87,1.0,2.0,13147.25,45980.08,22193.52,16.23449042297807,2017-02-01,False,-7.291443770187856,-12.927112146156738,False,False
banco del austro,2017,3,4857,236889,23682631.4,0.0,0.0,13301.04,47075.93,23032.94,16.980252527342188,2017-03-01,False,110.80474736902693,73.44961692448375,False,False
banco del austro,2017,4,4830,231796,13356035.84,1.0,1.0,13582.73,47310.79,22842.3,16.40747903835275,2017-04-01,False,-43.60408852202124,4.224237673949438,False,False
banco del austro,2017,5,4860,268614,14389468.01,2.0,2.0,13642.39,47129.41,22703.75,16.482007178252225,2017-05-01,False,7.737566613178548,4.726301926663012,False,False
banco del austro,2017,6,5070,240224,12973554.02,0.0,0.0,13730.2,47586.69,22824.91,16.37842361434053,2017-06-01,False,-9.839932852389033,9.931090300521127,False,False
banco del austro,2017,7,4846,281060,14525361.2,0.0,0.0,13776.09,47499.92,22812.3,16.49140679670804,2017-07-01,False,11.961311276830822,12.71038038147887,False,False
banco del austro,2017,8,4866,277056,14790068.06,1.0,1.0,13943.51,47775.11,22992.93,16.50946650404728,2017-08-01,False,1.8223771261536736,12.96404675992835,False,False
banco del austro,2017,9,4915,264162,14882788.29,0.0,0.0,13965.81,47658.54,22779.33,16.515716022087183,2017-09-01,False,0.6269087445970767,13.950710629877893,False,False
banco del austro,2017,10,4940,282768,15750979.6,1.0,1.0,14047.74,48166.55,23149.97,16.572413181615282,2017-10-01,False,5.8335259030954045,18.99825802446935,False,False
banco del austro,2017,11,4950,278032,15913566.3,2.0,2.0,14170.54,48835.51,23657.0,16.582682592654276,2017-11-01,False,1.0322323063639782,26.446041345044446,False,False
banco del austro,2017,12,4973,309209,17198564.85,1.0,1.0,14858.68,50790.78,24530.51,16.660336557493356,2017-12-01,True,8.07486220106426,23.369561826862338,False,False
banco del austro,2018,1,4830,264960,25506371.83,1.0,1.0,14492.2,49914.38,23951.93,17.054438893807088,2018-01-01,True,48.305233910258494,110.48392599999733,False,False
banco del austro,2018,2,4740,253077,14071128.83,1.0,2.0,14508.14,50338.67,24065.59,16.459635726506306,2018-02-01,False,-44.83288754753482,25.2504718797921,False,False
banco del austro,2018,3,4891,272974,16054307.22,1.0,1.0,14721.22,51152.9,24427.19,16.591487796442895,2018-03-01,False,14.093953754241916,-32.21062748964627,False,False
banco del austro,2018,4,4919,253855,14919259.94,1.0,1.0,14863.0,51100.73,23979.42,16.518163616660452,2018-04-01,False,-7.0700483331102015,11.704252060467656,False,False
banco del austro,2018,5,5018,294957,15647629.27,1.0,1.0,14799.45,50897.41,23880.58,16.56583004303792,2018-05-01,False,4.882074130548331,8.743625957023827,False,False
banco del austro,2018,6,4974,285328,15231415.03,0.0,0.0,14910.82,51259.86,24057.5,16.538870696911754,2018-06-01,False,-2.6599188466074897,17.40356579638307,False,False
banco del austro,2018,7,4930,307188,16200522.24,0.0,0.0,15003.07,51299.67,23983.44,16.60055409844645,2018-07-01,False,6.362555337709819,11.532663573281754,False,False
banco del austro,2018,8,4912,316874,17482300.08,1.0,1.0,15190.49,51663.34,24297.85,16.676699560260047,2018-08-01,False,7.911953830940188,18.20297248855254,False,False
banco del austro,2018,9,4938,287275,16087407.53,0.0,0.0,15151.68,51720.47,24092.29,16.59354744508947,2018-09-01,False,-7.97888460681313,8.094042705756998,False,False
banco del austro,2018,10,4935,308933,16984170.39,1.0,1.0,15327.62,51826.37,24261.75,16.647792373576678,2018-10-01,False,5.574315552880149,7.829295836304695,False,False
banco del austro,2018,11,5050,316372,17174021.46,1.0,1.0,15346.37,52167.68,24542.6,16.65890847800456,2018-11-01,False,1.1178118544534987,7.920632850224152,False,False
banco del austro,2018,12,4940,347413,18742887.53,1.0,2.0,15915.87,53664.74,25259.94,16.74632496003645,2018-12-01,True,9.135111852829848,8.97936946174902,False,False
banco del austro,2019,1,5762,451609,25519873.37,1.0,1.0,15501.35,52873.4,24643.71,17.054968093623103,2019-01-01,True,,,False,False
banco del austro,2019,2,5771,398207,22859497.739999995,0.0,0.0,15514.71,53416.42,24901.06,16.944877288706454,2019-02-01,False,-10.424721123919923,,False,False
banco del austro,2019,3,5851,403937,24019287.570000008,1.0,2.0,15616.17,53747.06,24995.89,16.99436775594268,2019-03-01,False,5.07355779725025,,False,False
banco del austro,2019,4,5922,482573,28902883.04,1.0,1.0,15794.43,54011.82,24883.39,17.179451941875218,2019-04-01,False,20.331974692286803,,False,False
banco del austro,2019,5,5919,472334,26626932.77999999,2.0,2.0,15811.22,54009.15,24695.29,17.097433809591156,2019-05-01,False,-7.874474864151859,,False,False
banco del austro,2019,6,5829,435372,24668656.500000004,0.0,0.0,15845.23,54271.29,24720.54,17.02104406870296,2019-06-01,False,-7.354494399260614,,False,False
banco del austro,2019,7,5934,508612,27575887.199999984,0.0,0.0,15891.79,54680.12,24921.39,17.132452332920547,2019-07-01,False,11.785119712538794,,False,False
banco del austro,2019,8,5850,470339,26913028.26,1.0,1.0,16135.62,55371.99,25033.94,17.108121086415867,2019-08-01,False,-2.403762878751492,,False,False
banco del austro,2019,9,5889,494272,26988273.89,0.0,0.0,16047.57,55160.34,24989.0,17.110913066315643,2019-09-01,False,0.2795881209393114,,False,False
banco del austro,2019,10,5726,401339,22778866.100000005,1.0,1.0,16394.3,55772.32,25209.84,16.941343782525376,2019-10-01,False,-15.597173080267702,,False,False
banco del austro,2019,11,5817,432116,23713105.04000001,2.0,2.0,16390.25,56147.25,25363.35,16.981538450726962,2019-11-01,False,4.101340847690427,,False,False
banco del austro,2019,12,5962,574797,31147257.390000008,1.0,1.0,16966.2,57967.69,26196.71,17.25423678616223,2019-12-01,True,31.35039606774328,,False,False
banco del austro,2020,1,5790,465455,26090102.03,1.0,1.0,16682.28,57594.5,25715.65,17.07706660612773,2020-01-01,True,-16.23627819515061,2.234449410200967,False,False
banco del austro,2020,2,5736,422560,22828959.480000008,1.0,2.0,16683.73,58187.41,26136.51,16.943540484398795,2020-02-01,False,-12.499539274511584,-0.13359112412408836,False,False
banco del austro,2020,3,5484,272006,15390812.790000008,0.0,0.0,17135.95,57896.9,26319.28,16.549281382259835,2020-03-01,False,-32.58206619761365,-35.92310868860628,False,False
banco del austro,2020,4,2287,71438,5788237.889999999,1.0,1.0,17848.07,58463.93,26715.36,15.57133863920591,2020-04-01,False,-62.391603556110866,-79.97349301801694,True,False
banco del austro,2020,5,3373,105191,7915679.790000003,2.0,2.0,18152.7,58949.96,27138.48,15.884356260232614,2020-05-01,False,36.75456918720397,-70.27190530955325,False,False
banco del austro,2020,6,4507,206946,12752684.009999994,0.0,0.0,18209.89,59394.0,27401.06,16.361252396417562,2020-06-01,False,61.10661810891658,-48.30409994155948,False,False
banco del austro,2020,7,4641,226521,12998940.27,0.0,0.0,18019.86,59501.88,27144.52,16.3803784713401,2020-07-01,False,1.9310151479241755,-52.86120741747157,False,False
banco del austro,2020,8,4827,256947,14251519.40999999,1.0,1.0,17943.98,60086.98,27274.79,16.472374154425975,2020-08-01,False,9.636009659116551,-47.04602071413279,False,False
banco del austro,2020,9,5012,286489,15107448.859999996,0.0,0.0,17850.41,60492.98,27283.21,16.530698548330992,2020-09-01,False,6.005882077383395,-44.022174513362344,False,False
banco del austro,2020,10,5211,323966,17494847.349999998,1.0,1.0,17528.51,61464.41,27320.85,16.677417015555445,2020-10-01,False,15.802790478550733,-23.1970227438143,False,False
banco del austro,2020,11,5301,359326,18679758.63999999,2.0,2.0,17432.26,61319.57,27491.46,16.7429511234445,2020-11-01,False,6.772915855136019,-21.22601148820289,False,False
banco del austro,2020,12,5434,389147,21095524.73,1.0,1.0,17959.92,63821.32,28409.5,16.864571525249463,2020-12-01,True,12.93253374712775,-32.27164605262218,False,False
banco del austro,2021,1,5058,323164,16824059.670000006,1.0,1.0,17679.28,63141.97,27826.33,16.63832060251604,2021-01-01,True,-20.24820484282874,-35.515546659592715,False,False
banco del austro,2021,2,5070,321970,16248127.690000009,1.0,2.0,17660.98,63199.85,27818.05,16.603488302570423,2021-02-01,False,-3.423264011759153,-28.826683037241942,False,False
banco del austro,2021,3,5234,397107,20597210.23,0.0,0.0,17737.47,63928.88,28433.19,16.840666247411026,2021-03-01,False,26.766668892420476,33.82795639865612,False,False
banco del austro,2021,4,5194,304708,16526691.470000006,2.0,2.0,17930.83,64332.16,28241.93,16.620487357217037,2021-04-01,False,-19.76247615354846,185.52198068003057,False,True
banco del austro,2021,5,5340,336169,18193079.990000013,1.0,1.0,17934.3,64513.99,28295.87,16.71655191438123,2021-05-01,False,10.083013427248332,129.83597710690123,False,False
banco del austro,2021,6,5399,383174,20131885.71,0.0,0.0,17907.24,65050.55,28252.74,16.817815519503128,2021-06-01,False,10.65683062497207,57.8639107988061,False,False
banco del austro,2021,7,5418,392257,19961144.55000001,0.0,0.0,17925.17,65724.75,28472.71,16.80929821948529,2021-07-01,False,-0.8481131000817377,53.55978360842186,False,False
banco del austro,2021,8,5486,453870,22960734.259999987,1.0,1.0,17956.22,66318.48,28673.3,16.94929615242206,2021-08-01,False,15.02714286992115,61.110781239850986,False,False
banco del austro,2021,9,5434,426926,21171029.460000005,0.0,0.0,17965.89,67114.03,28930.55,16.86814431741061,2021-09-01,False,-7.794632261032852,40.13636356601913,False,False
banco del austro,2021,10,5339,407947,20798570.680000007,1.0,1.0,18273.42,67692.77,29161.43,16.850394873082937,2021-10-01,False,-1.7592851623191574,18.883979173445088,False,False
banco del austro,2021,11,5502,466441,24238314.860000007,2.0,2.0,18128.51,67919.47,29428.06,17.003445239028927,2021-11-01,False,16.538368106745295,29.757109431259863,False,False
banco del austro,2021,12,5498,499071,26381887.68000001,1.0,1.0,18683.97,70075.39,30254.96,17.08818829783847,2021-12-01,True,8.843737002267837,25.059167845596477,False,False
banco del austro,2022,1,5275,408759,20718836.68999999,0.0,0.0,18352.07,69239.45,29590.12,16.846553877739645,2022-01-01,True,-21.465677735763975,23.15004283386486,False,False
banco del austro,2022,2,5220,354587,18185694.6,1.0,1.0,18439.18,70046.45,29554.67,16.716145886977685,2022-02-01,False,-12.226275673202336,11.92486264858983,False,False
banco del austro,2022,3,5360,499754,25609738.65000001,1.0,1.0,18360.04,71033.33,30176.47,17.058483292173236,2022-03-01,False,40.823538574105434,24.335957947835208,False,False
banco del austro,2022,4,5182,442491,22799945.930000003,1.0,1.0,18559.34,70908.39,29664.74,16.942268766290383,2022-04-01,False,-10.971579048113423,37.95832015976997,False,False
banco del austro,2022,5,5112,499750,25048697.14,2.0,2.0,18436.59,71141.79,29594.13,17.036332413685557,2022-05-01,False,9.862967293449177,37.68255377191898,False,False
banco del austro,2022,6,4885,408696,19851777.630000006,0.0,0.0,18555.11,71391.04,29541.45,16.803804164609765,2022-06-01,False,-20.7472647417701,-1.3913653397150894,False,False
banco del austro,2022,7,4879,437440,21430275.570000008,0.0,0.0,18550.73,71671.62,29414.37,16.8803152731061,2022-07-01,False,7.951418605528682,7.3599538158747535,False,False
banco del austro,2022,8,4940,512807,25352495.56999999,1.0,1.0,18588.49,72494.98,29650.81,17.0483877671759,2022-08-01,False,18.30223781858713,10.416745749140532,False,False
banco del austro,2022,9,5049,445819,22288945.530000005,0.0,0.0,18602.56,72737.82,29507.66,16.91960144224427,2022-09-01,False,-12.083820433145576,5.280404867000743,False,False
banco del austro,2022,10,5613,466534,22446005.17999999,1.0,1.0,18689.49,72880.73,29442.38,16.92662325788575,2022-10-01,False,0.7046526709331591,7.920902476169478,False,False
banco del austro,2022,11,6041,451684,21654169.689999998,2.0,2.0,18957.9,73420.53,29667.63,16.890708635430208,2022-11-01,False,-3.52773459531025,-10.661406062781086,False,False
banco del austro,2022,12,6066,541881,26733060.309999995,1.0,1.0,19226.42,75310.32,30190.8,17.101411608680454,2022-12-01,True,23.454561835938016,1.3311125961096737,False,False
banco del austro,2023,1,5853,516191,24432693.96999999,1.0,1.0,18900.64,74852.72,29932.29,17.011432751108032,2023-01-01,True,-8.604949501945015,17.92502800986171,False,False
banco del austro,2023,2,5841,486293,22234249.18999999,1.0,2.0,18878.35,75331.19,29945.17,16.917144459298516,2023-02-01,False,-8.997963068253512,22.262303855031142,False,False
banco del austro,2023,3,5889,553743,26545162.529999983,0.0,0.0,18995.92,76768.81,30788.16,17.09435812446313,2023-03-01,False,19.38861664795435,3.6526100198994937,False,False
banco del austro,2023,4,5968,533513,25198135.08999999,1.0,1.0,19160.14,76697.24,29948.66,17.04228058506359,2023-04-01,False,-5.074474260527328,10.518398453061529,False,False
banco del austro,2023,5,6282,653128,29573498.280000024,2.0,2.0,19110.34,76539.04,29954.21,17.20238922368412,2023-05-01,False,17.363837341027754,18.064017919616337,False,False
banco del austro,2023,6,6289,601812,27562855.559999984,0.0,0.0,19120.12,76519.02,29696.36,17.1319796475049,2023-06-01,False,-6.798799049620041,38.84326166512664,False,False
banco del austro,2023,7,6453,661253,30164369.71,0.0,0.0,19149.79,76563.01,29579.5,17.22217200804483,2023-07-01,False,9.438478333048383,40.75586481130811,False,False
banco del austro,2023,8,6555,639827,29323859.510000017,1.0,1.0,19249.5,77661.06,29807.87,17.193912094459847,2023-08-01,False,-2.7864338226876395,15.664587847120682,False,False
banco del austro,2023,9,6482,608390,27170207.25000003,0.0,0.0,19304.07,77724.47,29606.27,17.117631646076877,2023-09-01,False,-7.344368360738973,21.899922153921757,False,False
banco del austro,2023,10,6749,687389,29740844.230000023,1.0,1.0,19332.48,77979.61,29676.94,17.20803191923802,2023-10-01,False,9.461234345203561,32.49949820246829,False,False
banco del austro,2023,11,6919,669652,29220181.57000001,2.0,2.0,19305.94,78387.23,29967.92,17.190370212385037,2023-11-01,False,-1.750665367712767,34.94020776743998,False,False
banco del austro,2023,12,7005,754269,33604016.55,1.0,1.0,19818.38,80343.61,30488.99,17.330156187725994,2023-12-01,True,15.002764337716545,25.7020938131419,False,False
banco del austro,2024,1,6993,717874,30302837.959999997,1.0,1.0,19496.48,79308.68,29914.05,17.226751961139996,2024-01-01,True,-9.823761945504694,24.02577463298865,False,False
banco del austro,2024,2,6814,690726,28430531.16,1.0,2.0,19507.7,80099.19,29922.63,17.162974201707364,2024-02-01,False,-6.1786516578792305,27.868186225001157,False,False
banco del austro,2024,3,6873,759715,32290907.290000007,1.0,1.0,19551.16,80747.7,30055.16,17.29029627148099,2024-03-01,False,13.578276495344976,21.645166999849707,False,False
banco del austro,2024,4,7014,730506,30845615.89,0.0,0.0,19659.83,81192.92,29888.51,17.244505220101683,2024-04-01,False,-4.4758463644890885,22.412296703025625,False,False
banco del austro,2024,5,6128,760839,31738849.299999986,2.0,2.0,19641.13,81633.84,29633.51,17.273052049974225,2024-05-01,False,2.8958196626236443,7.321930599817961,False,False
banco del austro,2024,6,5812,685539,27857454.639999997,0.0,0.0,19682.31,82395.4,29738.44,17.142611195512238,2024-06-01,False,-12.229159990371773,1.0688264115404023,False,False
banco del austro,2024,7,5955,820984,33369903.779999983,0.0,0.0,19647.5,82912.15,29737.02,17.323164997262293,2024-07-01,False,19.788057492103974,10.626888944864277,False,False
banco del austro,2024,8,5847,760316,31615855.230000008,1.0,1.0,19792.52,84163.46,30027.81,17.26916933213832,2024-08-01,False,-5.256378806375972,7.816146163223747,False,False
banco del austro,2024,9,5944,794768,32620299.840000022,0.0,0.0,19754.7,84617.5,30079.87,17.30044537767746,2024-09-01,False,3.177028116724512,20.059076251617427,False,False
banco del austro,2024,10,5914,792822,31525991.249999978,1.0,1.0,19866.15,85874.27,30432.59,17.266322914339753,2024-10-01,False,-3.354685871581631,6.0023414473192815,False,False
banco del austro,2024,11,5916,775302,29874568.52000001,2.0,2.0,19965.19,86665.57,31044.44,17.212518158739748,2024-11-01,False,-5.238289628720139,2.2395033666452235,False,False
banco del austro,2024,12,5854,965000,38376136.50999999,1.0,1.0,20302.2,88484.87,31461.76,17.462946405386717,2024-12-01,True,28.45754235515894,14.201040381287378,False,False
banco del austro,2025,1,5690,791391,31362576.05,1.0,1.0,19925.58,88682.12,31282.8,17.261125926409477,2025-01-01,True,-18.275837793552796,3.4971578945802495,False,False
banco del austro,2025,2,5756,772911,29948699.83,0.0,0.0,19866.58,89845.34,31354.5,17.21499650362161,2025-02-01,False,-4.508163544174182,5.339923694904325,False,False
banco del austro,2025,3,5763,890763,34916680.24,1.0,2.0,122366.2,90599.4,31766.8,17.368475245473025,2025-03-01,False,16.588300788348455,8.131617134254876,False,False
banco del austro,2025,4,5716,823661,33320558.200000025,1.0,1.0,123384.0,91724.2,31659.8,17.321685157835173,2025-04-01,False,-4.571230795794512,8.023643680275438,False,False
banco del austro,2025,5,5704,846304,33649480.27,2.0,2.0,125208.9,93182.1,32026.8,17.331508198482997,2025-05-01,False,0.9871445370923437,6.019849528697363,False,False
datafast,2016,1,41908,2509853,243082291.4,1.0,1.0,11494.35,39773.99,18841.48,19.30891059582708,2016-01-01,True,-21.418626736322764,-64.91941319092292,False,False
datafast,2016,2,41029,2445285,247264381.7,1.0,2.0,11504.23,39941.03,19250.48,19.325968697452698,2016-02-01,False,1.7204421909608358,-67.9963957145659,False,False
datafast,2016,3,41058,2604309,263686717.8,1.0,1.0,11563.48,40394.85,19534.08,19.39027228524667,2016-03-01,False,6.641610080308635,-65.66184253831968,False,False
datafast,2016,4,41430,2478134,247292797.7,0.0,0.0,12036.93,40546.65,19551.04,19.326083612374976,2016-04-01,False,-6.217196010773063,-69.40162562194382,False,False
datafast,2016,5,41686,2708040,262068757.6,1.0,1.0,12019.26,40646.73,19867.41,19.38411746469928,2016-05-01,False,5.975087037482285,-76.75541247513435,False,False
datafast,2016,6,41583,2589906,237118184.8,0.0,0.0,12033.69,41331.59,20216.59,19.28406924906432,2016-06-01,False,-9.520620858623086,9.51117300567752,False,False
datafast,2016,7,41712,2750916,249916112.7,0.0,0.0,12161.62,41624.46,20253.32,19.336635874318635,2016-07-01,False,5.3972781171526485,4.753137344486014,False,False
datafast,2016,8,41953,2725513,293842425.3,1.0,1.0,12291.67,42704.33,20631.45,19.498554216656405,2016-08-01,False,17.576422794607605,1.4715788389169981,False,False
datafast,2016,9,42025,2656957,275766383.9,0.0,0.0,12367.71,43257.45,20794.54,19.435064633734257,2016-09-01,False,-6.151610469980707,7.668999389835518,False,False
datafast,2016,10,42236,2709478,253967077.8,1.0,1.0,12379.56,43617.73,20805.08,19.352715205558955,2016-10-01,False,-7.904990373266441,2.940827971430049,False,False
datafast,2016,11,42819,2682561,263986739.7,2.0,2.0,12414.64,44001.39,21140.03,19.39140943522808,2016-11-01,False,3.9452601442658164,-2.0097514051567456,False,False
datafast,2016,12,43142,3070387,295920483.4,1.0,1.0,13261.12,46188.27,22634.8,19.505601342416032,2016-12-01,True,12.096722637012046,-4.3375894290948676,False,False
datafast,2017,1,40661,2558232,246941864.1,1.0,1.0,12979.48,45257.48,21912.19,19.324663502922196,2017-01-01,True,-16.551277132713683,1.5877638300064056,False,False
datafast,2017,2,40532,2412998,234241978.4,1.0,2.0,13147.25,45980.08,22193.52,19.271865239008893,2017-02-01,False,-5.142864595392027,-5.266590849222985,False,False
datafast,2017,3,40642,2724607,288868861.4,0.0,0.0,13301.04,47075.93,23032.94,19.481483379773177,2017-03-01,False,23.32070595250744,9.550023531750274,False,False
datafast,2017,4,40829,2912630,280886308.2,1.0,1.0,13582.73,47310.79,22842.3,19.453460551833643,2017-04-01,False,-2.7633830663895798,13.584508247892257,False,False
datafast,2017,5,41332,3034122,281128640.5,2.0,2.0,13642.39,47129.41,22703.75,19.454322921472443,2017-05-01,False,0.08627415894812973,7.272855824001523,False,False
datafast,2017,6,41545,2986732,273139458.6,0.0,0.0,13730.2,47586.69,22824.91,19.425493063740017,2017-06-01,False,-2.841824257318948,15.191274271259525,False,False
datafast,2017,7,41717,2973773,279971803.2,0.0,0.0,13776.09,47499.92,22812.3,19.450199456777295,2017-07-01,False,2.5014125146984423,12.02631161924279,False,False
datafast,2017,8,42343,2934264,313159838.5,1.0,1.0,13943.51,47775.11,22992.93,19.562224287486295,2017-08-01,False,11.854063488061994,6.574072202228032,False,False
datafast,2017,9,43016,2925681,307899284.8,0.0,0.0,13965.81,47658.54,22779.33,19.545283293307758,2017-09-01,False,-1.6798302506469076,11.652218245590173,False,False
datafast,2017,10,48811,3007058,288659360.4,1.0,1.0,14047.74,48166.55,23149.97,19.480757870609967,2017-10-01,False,-6.248772033523098,13.660149536122269,False,False
datafast,2017,11,50100,3126334,319177749.6,2.0,2.0,14170.54,48835.51,23657.0,19.58125871747643,2017-11-01,False,10.572457847100548,20.90673568025434,False,False
datafast,2017,12,50786,3692989,339632248.9,1.0,1.0,14858.68,50790.78,24530.51,19.643373972262484,2017-12-01,True,6.4084978748155,14.77145650675158,False,False
datafast,2018,1,51270,3129919,293408734.8,1.0,1.0,14492.2,49914.38,23951.93,19.49707719759937,2018-01-01,True,-13.609871927565342,18.816927161926287,False,False
datafast,2018,2,51308,2935797,275437684.8,1.0,2.0,14508.14,50338.67,24065.59,19.433871975129446,2018-02-01,False,-6.124919904736248,17.586816283481333,False,False
datafast,2018,3,52524,3371396,343603552.4,1.0,1.0,14721.22,51152.9,24427.19,19.654999089697267,2018-03-01,False,24.74819945190012,18.947937390942336,False,False
datafast,2018,4,53272,3315400,332091718.9,1.0,1.0,14863.0,51100.73,23979.42,19.620921753485717,2018-04-01,False,-3.3503243547955863,18.229941867988853,False,False
datafast,2018,5,54081,3440234,339393631.0,1.0,1.0,14799.45,50897.41,23880.58,19.642671148066285,2018-05-01,False,2.198763680162341,20.72538407910809,False,False
datafast,2018,6,54518,3411718,323210395.8,0.0,0.0,14910.82,51259.86,24057.5,19.593814052410657,2018-06-01,False,-4.768278989890651,18.3316381516764,False,False
datafast,2018,7,55345,3510995,329897920.1,0.0,0.0,15003.07,51299.67,23983.44,19.614293834572408,2018-07-01,False,2.0690931934436385,17.832551824633192,False,False
datafast,2018,8,56866,3648361,381906761.9,1.0,1.0,15190.49,51663.34,24297.85,19.760687060601402,2018-08-01,False,15.765131766891649,21.95266280928292,False,False
datafast,2018,9,57996,3510452,354180240.2,0.0,0.0,15151.68,51720.47,24092.29,19.68531649745435,2018-09-01,False,-7.260023771786484,15.03119938393569,False,False
datafast,2018,10,58907,3547422,342475132.5,1.0,1.0,15327.62,51826.37,24261.75,19.651709610111126,2018-10-01,False,-3.304844926806283,18.643349041384493,False,False
datafast,2018,11,60316,3637337,367163202.1,1.0,1.0,15346.37,52167.68,24542.6,19.72131700226665,2018-11-01,False,7.208718898736399,15.034084474916032,False,False
datafast,2018,12,61248,4129320,388211730.2,1.0,2.0,15915.87,53664.74,25259.94,19.77706144771708,2018-12-01,True,5.732744452497518,14.303553757730336,False,False
datafast,2019,1,66219,8436874,583105760.1300005,1.0,1.0,15501.35,52873.4,24643.71,20.183879136318502,2019-01-01,True,,,False,False
datafast,2019,2,66828,7941863,552187693.8200017,0.0,0.0,15514.71,53416.42,24901.06,20.12939857329317,2019-02-01,False,-5.302308504567977,,False,False
datafast,2019,3,67594,8890154,617330734.3700007,1.0,2.0,15616.17,53747.06,24995.89,20.240915476129505,2019-03-01,False,11.79726409680435,,False,False
datafast,2019,4,68289,9046261,646562123.3100001,1.0,1.0,15794.43,54011.82,24883.39,20.287179844846452,2019-04-01,False,4.735126134588219,,False,False
datafast,2019,5,68961,9398658,666359890.4199978,2.0,2.0,15811.22,54009.15,24695.29,20.31734046006082,2019-05-01,False,3.062005396889833,,False,False
datafast,2019,6,68988,9344085,653993247.77,0.0,0.0,15845.23,54271.29,24720.54,20.298607586386538,2019-06-01,False,-1.855850393726921,,False,False
datafast,2019,7,69901,9502118,670862610.6099994,0.0,0.0,15891.79,54680.12,24921.39,20.32407492227251,2019-07-01,False,2.5794399097423426,,False,False
datafast,2019,8,70971,9740681,706040554.8100019,1.0,1.0,16135.62,55371.99,25033.94,20.375183238297733,2019-08-01,False,5.243688296775995,,False,False
datafast,2019,9,71761,9347881,679342317.0900009,0.0,0.0,16047.57,55160.34,24989.0,20.336635708835338,2019-09-01,False,-3.7814028582516146,,False,False
datafast,2019,10,71740,8886954,596900645.5400021,1.0,1.0,16394.3,55772.32,25209.84,20.207261236301303,2019-10-01,False,-12.135512461985599,,False,False
datafast,2019,11,74602,9949825,694770189.5800005,2.0,2.0,16390.25,56147.25,25363.35,20.359091687812683,2019-11-01,False,16.396287183013204,,False,False
datafast,2019,12,76118,12189146,839989954.9799995,1.0,1.0,16966.2,57967.69,26196.71,20.54890049256348,2019-12-01,True,20.90184172809526,,False,False
datafast,2020,1,74824,9613980,652121794.9400021,1.0,1.0,16682.28,57594.5,25715.65,20.29574190603427,2020-01-01,True,-22.365524602549648,11.835937754175996,False,False
datafast,2020,2,75095,9617702,624189400.1000029,1.0,2.0,16683.73,58187.41,26136.51,20.25196440768243,2020-02-01,False,-4.283309507017641,13.039353662863729,False,False
datafast,2020,3,70501,6741740,482605094.69,0.0,0.0,17135.95,57896.9,26319.28,19.99470926992665,2020-03-01,False,-22.682907685923425,-21.82389960180602,False,False
datafast,2020,4,30556,2898459,237419248.24,1.0,1.0,17848.07,58463.93,26715.36,19.285338120424775,2020-04-01,False,-50.80465356618218,-63.2797468827033,True,False
datafast,2020,5,49083,4028854,319758389.65,2.0,2.0,18152.7,58949.96,27138.48,19.58307623936118,2020-05-01,False,34.68090393697389,-52.01416017874958,False,False
datafast,2020,6,63428,6119025,454884420.3499994,0.0,0.0,18209.89,59394.0,27401.06,19.93555392563594,2020-06-01,False,42.25879134802537,-30.44508916551143,False,False
datafast,2020,7,66142,6944060,494148296.4599999,0.0,0.0,18019.86,59501.88,27144.52,20.018346227389454,2020-07-01,False,8.631615934392723,-26.341356837477846,False,False
datafast,2020,8,67956,7447859,524551291.66000015,1.0,1.0,17943.98,60086.98,27274.79,20.078053774460532,2020-08-01,False,6.152605486612517,-25.70521791044158,False,False
datafast,2020,9,70178,7671485,540951779.0399984,0.0,0.0,17850.41,60492.98,27283.21,20.108840701673824,2020-09-01,False,3.1265745868430006,-20.371252396406824,False,False
datafast,2020,10,72679,8516142,563704189.4900002,1.0,1.0,17528.51,61464.41,27320.85,20.150040186925185,2020-10-01,False,4.2059960483685765,-5.5614709580301795,False,False
datafast,2020,11,73115,8554734,582496578.8099986,2.0,2.0,17432.26,61319.57,27491.46,20.182833871816076,2020-11-01,False,3.3337324203675633,-16.15981981579737,False,False
datafast,2020,12,74800,10492406,714218238.4100006,1.0,1.0,17959.92,63821.32,28409.5,20.386699131037116,2020-12-01,True,22.613293260726163,-14.9730024537012,False,False
datafast,2021,1,72827,8536116,545604683.6800008,1.0,1.0,17679.28,63141.97,27826.33,20.117405250746987,2021-01-01,True,-23.608127832939253,-16.333929043086393,False,False
datafast,2021,2,72408,8130438,510034757.40999913,1.0,2.0,17660.98,63199.85,27818.05,20.04998943510538,2021-02-01,False,-6.51935867377259,-18.288462231450065,False,False
datafast,2021,3,74389,9298556,605306430.6800014,0.0,0.0,17737.47,63928.88,28433.19,20.221245386412605,2021-03-01,False,18.679447211362632,25.42479085696727,False,False
datafast,2021,4,74479,8496328,560870487.4900013,2.0,2.0,17930.83,64332.16,28241.93,20.145000578528496,2021-04-01,False,-7.341065770618149,136.2363168309901,False,True
datafast,2021,5,75607,8595387,585125331.4200007,1.0,1.0,17934.3,64513.99,28295.87,20.187336625702272,2021-05-01,False,4.324499946243243,82.9898293084554,False,False
datafast,2021,6,77070,9702460,622986444.9100003,0.0,0.0,17907.24,65050.55,28252.74,20.250035320351333,2021-06-01,False,6.470598939566852,36.95488722842146,False,False
datafast,2021,7,77761,10493489,649245805.2300001,0.0,0.0,17925.17,65724.75,28472.71,20.29132194907926,2021-07-01,False,4.215077315814364,31.386834656942895,False,False
datafast,2021,8,78107,10834016,682818156.2500017,1.0,1.0,17956.22,66318.48,28673.3,20.341739140871354,2021-08-01,False,5.170976962740381,30.17185680529899,False,False
datafast,2021,9,79092,10653794,655919863.6600013,0.0,0.0,17965.89,67114.03,28930.55,20.301549181916037,2021-09-01,False,-3.9393054129849614,21.252926614647862,False,False
datafast,2021,10,80013,11295136,669525396.0899992,1.0,1.0,18273.42,67692.77,29161.43,20.32207965678975,2021-10-01,False,2.0742674804936856,18.772471195528716,False,False
datafast,2021,11,80997,11515242,719690747.9200001,2.0,2.0,18128.51,67919.47,29428.06,20.39433216231733,2021-11-01,False,7.492673485272472,23.55278538979231,False,False
datafast,2021,12,82508,14229372,875872917.8400009,1.0,1.0,18683.97,70075.39,30254.96,20.590731568559672,2021-12-01,True,21.701289112217648,22.63379324922834,False,False
datafast,2022,1,79673,10709453,621985511.1699994,0.0,0.0,18352.07,69239.45,29590.12,20.248427358100994,2022-01-01,True,-28.986785810904603,13.999298351844104,False,False
datafast,2022,2,80174,10809496,620814525.1099999,1.0,1.0,18439.18,70046.45,29554.67,20.24654292557693,2022-02-01,False,-0.18826580988948738,21.720042818758102,False,False
datafast,2022,3,81048,12121993,709838484.4000001,1.0,1.0,18360.04,71033.33,30176.47,20.380548016768806,2022-03-01,False,14.339864112268685,17.269278570618752,False,False
datafast,2022,4,80447,12300683,738058765.1099997,1.0,1.0,18559.34,70908.39,29664.74,20.419534008269874,2022-04-01,False,3.97559181844771,31.591656464747953,False,False
datafast,2022,5,80425,12796023,744220636.8799989,2.0,2.0,18436.59,71141.79,29594.13,20.427848105123562,2022-05-01,False,0.8348754951891912,27.189953488067363,False,False
datafast,2022,6,78846,11481106,653465744.5200006,0.0,0.0,18555.11,71391.04,29541.45,20.297800672699875,2022-06-01,False,-12.194621845004283,4.892449885390926,False,False
datafast,2022,7,80801,12917472,739404873.5899986,0.0,0.0,18550.73,71671.62,29414.37,20.421356197074232,2022-07-01,False,13.151282954108655,13.886738679514288,False,False
datafast,2022,8,81141,12820323,774730212.6500014,1.0,1.0,18588.49,72494.98,29650.81,20.468025415293422,2022-08-01,False,4.777536681424532,13.460693093572008,False,False
datafast,2022,9,81104,12596811,744090153.1299999,0.0,0.0,18602.56,72737.82,29507.66,20.427672760362192,2022-09-01,False,-3.9549328294808284,13.442234997734737,False,False
datafast,2022,10,81586,13199519,760119263.7800002,1.0,1.0,18689.49,72880.73,29442.38,20.44898590627495,2022-10-01,False,2.1541893253894218,13.531057704317927,False,False
datafast,2022,11,81820,12803563,765231337.7499994,2.0,2.0,18957.9,73420.53,29667.63,20.45568874967083,2022-11-01,False,0.6725357734755022,6.327799817021074,False,False
datafast,2022,12,82266,15925503,932839600.27,1.0,1.0,19226.42,75310.32,30190.8,20.65374382685103,2022-12-01,True,21.90295329681835,6.503989479488093,False,False
datafast,2023,1,79728,13049325,723152542.2800018,1.0,1.0,18900.64,74852.72,29932.29,20.399130744424525,2023-01-01,True,-22.478361545683377,16.265174878382616,False,False
datafast,2023,2,78772,12204448,659598458.2099996,1.0,2.0,18878.35,75331.19,29945.17,20.307141812700962,2023-02-01,False,-8.78847550886357,6.247265734178442,False,False
datafast,2023,3,80464,13552629,774275650.5199997,0.0,0.0,18995.92,76768.81,30788.16,20.46743850706632,2023-03-01,False,17.385909697425305,9.07772226163055,False,False
datafast,2023,4,79931,13840902,769308451.6899984,1.0,1.0,19160.14,76697.24,29948.66,20.461002555876924,2023-04-01,False,-0.6415284823519163,4.23403772941322,False,False
datafast,2023,5,80748,14267086,782065723.5300006,2.0,2.0,19110.34,76539.04,29954.21,20.477449341691415,2023-05-01,False,1.6582778743658988,5.085197154523935,False,False
datafast,2023,6,80381,13895788,749931053.2000003,0.0,0.0,19120.12,76519.02,29696.36,20.435491832535686,2023-06-01,False,-4.108947542791464,14.762106428525602,False,False
datafast,2023,7,80687,14556421,773156369.5099988,0.0,0.0,19149.79,76563.01,29579.5,20.465991876533586,2023-07-01,False,3.0969935450592123,4.564683994592578,False,False
datafast,2023,8,80832,14209541,783368074.8000009,1.0,1.0,19249.5,77661.06,29807.87,20.47911322753595,2023-08-01,False,1.3207813700705895,1.1149509866735796,False,False
datafast,2023,9,80356,13933120,752829971.4900008,0.0,0.0,19304.07,77724.47,29606.27,20.439349960121394,2023-09-01,False,-3.8983083804885243,1.1745644426602198,False,False
datafast,2023,10,80272,13562713,729041215.0200008,1.0,1.0,19332.48,77979.61,29676.94,20.40724082612508,2023-10-01,False,-3.1599109189180297,-4.088575338224065,False,False
datafast,2023,11,80069,13767336,774617155.1799994,2.0,2.0,19305.94,78387.23,29967.92,20.467879473237556,2023-11-01,False,6.251490206729704,1.226533332730062,False,False
datafast,2023,12,80722,17033301,948491839.470002,1.0,1.0,19818.38,80343.61,30488.99,20.670383744740402,2023-12-01,True,22.446531570760154,1.6779132441924416,False,False
datafast,2024,1,78387,12777849,682271739.6000005,1.0,1.0,19496.48,79308.68,29914.05,20.340938583076525,2024-01-01,True,-28.067726973672215,-5.653136826582905,False,False
datafast,2024,2,78714,12978894,682196117.6399995,1.0,2.0,19507.7,80099.19,29922.63,20.340827738457406,2024-02-01,False,-0.011083847624304699,3.4259721424038547,False,False
datafast,2024,3,79980,14456769,802125757.6800005,1.0,1.0,19551.16,80747.7,30055.16,20.502775959872125,2024-03-01,False,17.579935877513876,3.5969240594479146,False,False
datafast,2024,4,79289,13534137,708421493.4599986,0.0,0.0,19659.83,81192.92,29888.51,20.37854980567689,2024-04-01,False,-11.681991673104243,-7.914505306193476,False,False
datafast,2024,5,79560,14326306,749797692.9799985,2.0,2.0,19641.13,81633.84,29633.51,20.435313986747882,2024-05-01,False,5.840618883246251,-4.125999846196338,False,False
datafast,2024,6,79978,14192584,724084969.5300008,0.0,0.0,19682.31,82395.4,29738.44,20.400419306074035,2024-06-01,False,-3.4292881520887275,-3.4464613193056493,False,False
datafast,2024,7,81334,14451037,753602867.8700005,0.0,0.0,19647.5,82912.15,29737.02,20.440376088106124,2024-07-01,False,4.076579349404197,-2.529048768283537,False,False
datafast,2024,8,81429,14887973,773591315.0700002,1.0,1.0,19792.52,84163.46,30027.81,20.466554276691337,2024-08-01,False,2.652384704492361,-1.24804163515303,False,False
datafast,2024,9,80159,13647420,713060139.1600002,0.0,0.0,19754.7,84617.5,30079.87,20.385076322871964,2024-09-01,False,-7.824696933745001,-5.282711081665381,False,False
datafast,2024,10,80134,14334476,714872525.4100018,1.0,1.0,19866.15,85874.27,30432.59,20.387614800022412,2024-10-01,False,0.2541701815132358,-1.9434689449773224,False,False
datafast,2024,11,87802,15315220,775168695.3399998,2.0,2.0,19965.19,86665.57,31044.44,20.468591236327132,2024-11-01,False,8.434534520041371,0.07120164539504703,False,False
datafast,2024,12,86383,18230049,949150718.57,1.0,1.0,20302.2,88484.87,31461.76,20.67107816332096,2024-12-01,True,22.444407814184153,0.06946597456929382,False,False
datafast,2025,1,82881,14926367,729502943.0799997,1.0,1.0,19925.58,88682.12,31282.8,20.407873961669484,2025-01-01,True,-23.1415065271113,6.922638113032464,False,False
datafast,2025,2,82950,14129027,692925385.5500007,0.0,0.0,19866.58,89845.34,31354.5,20.35643288404162,2025-02-01,False,-5.014038377359609,1.5727541732600603,False,False
datafast,2025,3,83609,15766883,772614170.2499998,1.0,2.0,122366.2,90599.4,31766.8,20.465290350314024,2025-03-01,False,11.500341358795385,-3.679172143200782,False,False
datafast,2025,4,84115,15521209,767911668.2200006,1.0,1.0,123384.0,91724.2,31659.8,20.459185270460868,2025-04-01,False,-0.6086481727972326,8.397567734632982,False,False
datafast,2025,5,85589,16335766,808189332.6899993,2.0,2.0,125208.9,93182.1,32026.8,20.51030691290958,2025-05-01,False,5.2450908270949,7.787652623726937,False,False
medianet,2016,1,12098,718075,42114458.0,1.0,1.0,11494.35,39773.99,18841.48,17.55590168386968,2016-01-01,True,-21.445088010892587,-84.93058516669223,False,False
medianet,2016,2,12077,706017,40905546.0,1.0,2.0,11504.23,39941.03,19250.48,17.52677623528888,2016-02-01,False,-2.870539138839212,-88.9410967245086,False,False
medianet,2016,3,12037,746328,44191211.0,1.0,1.0,11563.48,40394.85,19534.08,17.604036503750496,2016-03-01,False,8.032321582995117,-88.40034770704531,False,False
medianet,2016,4,12136,719212,45223977.0,0.0,0.0,12036.93,40546.65,19551.04,17.627137990869784,2016-04-01,False,2.337039371923977,-88.54194132277819,False,False
medianet,2016,5,12136,775291,46538053.0,1.0,1.0,12019.26,40646.73,19867.41,17.655780901470443,2016-05-01,False,2.905706413215281,-80.53140164350584,False,False
medianet,2016,6,12136,826285,47490228.0,0.0,0.0,12033.69,41331.59,20216.59,17.676034542581483,2016-06-01,False,2.0460138287263563,-37.42761372160387,False,False
medianet,2016,7,12136,686312,44922570.0,0.0,0.0,12161.62,41624.46,20253.32,17.620450921281247,2016-07-01,False,-5.406708091609924,-45.66728853420533,False,False
medianet,2016,8,12059,779863,47752634.0,1.0,1.0,12291.67,42704.33,20631.45,17.681544806614546,2016-08-01,False,6.29987108929877,-12.091022359625525,False,False
medianet,2016,9,12059,899972,52264979.0,0.0,0.0,12367.71,43257.45,20794.54,17.77183710628361,2016-09-01,False,9.449415921224368,0.32578395182625286,False,False
medianet,2016,10,12233,981626,53362441.0,1.0,1.0,12379.56,43617.73,20805.08,17.792617723142165,2016-10-01,False,2.0998037710873385,3.467092299747976,False,False
medianet,2016,11,12059,985274,55142533.0,2.0,2.0,12414.64,44001.39,21140.03,17.825431918252995,2016-11-01,False,3.335851896280384,7.998597453700418,False,False
medianet,2016,12,12059,1106907,65057546.0,1.0,1.0,13261.12,46188.27,22634.8,17.99078277464052,2016-12-01,True,17.98069921815162,21.350007644816582,False,False
medianet,2017,1,12059,591399,62082711.0,1.0,1.0,12979.48,45257.48,21912.19,17.943978118452062,2017-01-01,True,-4.572620983890174,47.41424667034775,False,False
medianet,2017,2,12059,669842,42550933.0,1.0,2.0,13147.25,45980.08,22193.52,17.566212363389045,2017-02-01,False,-31.460897382525708,4.022405665970097,False,False
medianet,2017,3,12059,760016,49280833.0,0.0,0.0,13301.04,47075.93,23032.94,17.713045800747633,2017-03-01,False,15.816104431834678,11.517272065705564,False,False
medianet,2017,4,12059,677586,43299800.0,1.0,1.0,13582.73,47310.79,22842.3,17.5836585971192,2017-04-01,False,-12.136631294361443,-4.2547717552571696,False,False
medianet,2017,5,12059,800243,52166866.0,2.0,2.0,13642.39,47129.41,22703.75,17.76995811952459,2017-05-01,False,20.47830705915501,12.0950762594215,False,False
medianet,2017,6,12059,813425,51884859.0,0.0,0.0,13730.2,47586.69,22824.91,17.764537590742844,2017-06-01,False,-0.5405864327751697,9.253758478481089,False,False
medianet,2017,7,10876,908117,56986738.0,0.0,0.0,13776.09,47499.92,22812.3,17.858329149609013,2017-07-01,False,9.833078663661787,26.855471536913413,False,False
medianet,2017,8,10853,886027,55255366.0,1.0,1.0,13943.51,47775.11,22992.93,17.82747603391582,2017-08-01,False,-3.038201625086878,15.711661057272774,False,False
medianet,2017,9,10641,855251,54530447.0,0.0,0.0,13965.81,47658.54,22779.33,17.8142697825296,2017-09-01,False,-1.3119431694652017,4.334581288170036,False,False
medianet,2017,10,10236,928028,55983853.0,1.0,1.0,14047.74,48166.55,23149.97,17.840573885698237,2017-10-01,False,2.6653109958918897,4.912466429337448,False,False
medianet,2017,11,10236,959363,61072967.0,2.0,2.0,14170.54,48835.51,23657.0,17.927579903985627,2017-11-01,False,9.090324669150585,10.754736275897958,False,False
medianet,2017,12,10420,995506,63442166.0,1.0,1.0,14858.68,50790.78,24530.51,17.96563929296726,2017-12-01,True,3.879292453566241,-2.483001741258428,False,False
medianet,2018,1,10420,898778,58258639.47,1.0,1.0,14492.2,49914.38,23951.93,17.880402973658573,2018-01-01,True,-8.17047534285006,-6.159640048579707,False,False
medianet,2018,2,10390,859242,55318040.93,1.0,2.0,14508.14,50338.67,24065.59,17.828609668798176,2018-02-01,False,-5.0474892080414,30.004296098513272,False,False
medianet,2018,3,10390,956182,64259346.86,1.0,1.0,14721.22,51152.9,24427.19,17.978437763141105,2018-03-01,False,16.163453693731512,30.394197800999013,False,False
medianet,2018,4,10390,798180,55554232.16,1.0,1.0,14863.0,51100.73,23979.42,17.832870275646947,2018-04-01,False,-13.546845907048489,28.301359729144227,False,False
medianet,2018,5,10390,1130927,70643856.37,1.0,1.0,14799.45,50897.41,23880.58,18.0731617187997,2018-05-01,False,27.16197060656127,35.419015529895944,False,False
medianet,2018,6,10389,953122,66537566.46,0.0,0.0,14910.82,51259.86,24057.5,18.013277270327,2018-06-01,False,-5.812663862081857,28.240815803315567,False,False
medianet,2018,7,10390,997421,68784451.53,0.0,0.0,15003.07,51299.67,23983.44,18.04648829669749,2018-07-01,False,3.3768669182554945,20.702559830674993,False,False
medianet,2018,8,10704,982486,71500115.33,1.0,1.0,15190.49,51663.34,24297.85,18.085209634655918,2018-08-01,False,3.9480780025055173,29.399405896614628,False,False
medianet,2018,9,10704,999233,70187061.0,0.0,0.0,15151.68,51720.47,24092.29,18.06667455001604,2018-09-01,False,-1.836436660192442,28.71169202042301,False,False
medianet,2018,10,10704,1043709,73702283.0,1.0,1.0,15327.62,51826.37,24261.75,18.115544347181405,2018-10-01,False,5.008361868863553,31.649179273173633,False,False
medianet,2018,11,10704,1094798,79218078.0,1.0,1.0,15346.37,52167.68,24542.6,18.187715100936995,2018-11-01,False,7.48388621828715,29.710544437770636,False,False
medianet,2018,12,10704,1222536,84639333.0,1.0,2.0,15915.87,53664.74,25259.94,18.253909657423268,2018-12-01,True,6.843456868519326,33.4117958709039,False,False
medianet,2019,1,21139,2187556,106537824.60000008,1.0,1.0,15501.35,52873.4,24643.71,18.484010650008887,2019-01-01,True,,,False,False
medianet,2019,2,21110,2113078,106997132.92,0.0,0.0,15514.71,53416.42,24901.06,18.48831260627304,2019-02-01,False,0.43112230020128095,,False,False
medianet,2019,3,21533,2380785,118482559.9900001,1.0,2.0,15616.17,53747.06,24995.89,18.590276343068332,2019-03-01,False,10.73433161857482,,False,False
medianet,2019,4,21736,2320204,118694769.71000002,1.0,1.0,15794.43,54011.82,24883.39,18.592065803933806,2019-04-01,False,0.17910629211408402,,False,False
medianet,2019,5,21718,2373813,118521412.68000008,2.0,2.0,15811.22,54009.15,24695.29,18.59060420837441,2019-05-01,False,-0.14605279611181743,,False,False
medianet,2019,6,21595,2371144,108641558.01000002,0.0,0.0,15845.23,54271.29,24720.54,18.50356457191102,2019-06-01,False,-8.335923818825053,,False,False
medianet,2019,7,21589,2392340,112144297.68999995,0.0,0.0,15891.79,54680.12,24921.39,18.53529698116926,2019-07-01,False,3.224125044007109,,False,False
medianet,2019,8,21690,2402980,121616322.46000008,1.0,1.0,16135.62,55371.99,25033.94,18.61638175746736,2019-08-01,False,8.446283016710865,,False,False
medianet,2019,9,21803,2372118,111292036.85000004,0.0,0.0,16047.57,55160.34,24989.0,18.52766827595098,2019-09-01,False,-8.489226940237183,,False,False
medianet,2019,10,27578,2317640,120216870.42999998,1.0,1.0,16394.3,55772.32,25209.84,18.60480793153013,2019-10-01,False,8.019292154773726,,False,False
medianet,2019,11,29009,2485278,132814148.62999997,2.0,2.0,16390.25,56147.25,25363.35,18.704461337749404,2019-11-01,False,10.478793995336243,,False,False
medianet,2019,12,31925,3281976,191108674.33000004,1.0,1.0,16966.2,57967.69,26196.71,19.068352804988052,2019-12-01,True,43.8918039239929,,False,False
medianet,2020,1,30489,2683149,152041122.58999985,1.0,1.0,16682.28,57594.5,25715.65,18.839661592152726,2020-01-01,True,-20.44258424007466,42.71093216033221,False,False
medianet,2020,2,30121,2579097,145559301.12000003,1.0,2.0,16683.73,58187.41,26136.51,18.796094136247717,2020-02-01,False,-4.263202849060088,36.04037523961725,False,False
medianet,2020,3,28269,1860682,119232206.71999978,0.0,0.0,17135.95,57896.9,26319.28,18.596583475091638,2020-03-01,False,-18.08685133648452,0.6327063916098163,False,False
medianet,2020,4,14261,699450,52523507.97000003,1.0,1.0,17848.07,58463.93,26715.36,17.776771417238635,2020-04-01,False,-55.948556673664385,-55.749096528576914,True,False
medianet,2020,5,19657,861275,60983664.84000005,2.0,2.0,18152.7,58949.96,27138.48,17.92611661316521,2020-05-01,False,16.107372102473107,-48.54628926449613,False,False
medianet,2020,6,25703,1464694,94332557.85999988,0.0,0.0,18209.89,59394.0,27401.06,18.362336956941036,2020-06-01,False,54.684960484903186,-13.170834818737642,False,False
medianet,2020,7,26141,1789232,107178158.83999994,0.0,0.0,18019.86,59501.88,27144.52,18.490003053008802,2020-07-01,False,13.617356797495495,-4.428347185095305,False,False
medianet,2020,8,26357,2131806,118561245.45999987,1.0,1.0,17943.98,60086.98,27274.79,18.59094023278337,2020-08-01,False,10.620714838918888,-2.5120616527481543,False,False
medianet,2020,9,27451,2352145,127528083.08,0.0,0.0,17850.41,60492.98,27283.21,18.663847165601595,2020-09-01,False,7.56304270017587,14.588686387223726,False,False
medianet,2020,10,29055,2947689,146760241.52999967,1.0,1.0,17528.51,61464.41,27320.85,18.804310810011994,2020-10-01,False,15.080724171110681,22.07957253009294,False,False
medianet,2020,11,29185,2965484,153457710.41000003,2.0,2.0,17432.26,61319.57,27491.46,18.848935591335287,2020-11-01,False,4.5635444655706126,15.543194752171985,False,False
medianet,2020,12,29949,3675525,187875150.73999995,1.0,1.0,17959.92,63821.32,28409.5,19.051288213701756,2020-12-01,True,22.42796418508086,-1.6919815918018166,False,False
medianet,2021,1,28515,2986743,143630122.74999982,1.0,1.0,17679.28,63141.97,27826.33,18.782751967996436,2021-01-01,True,-23.550228870464483,-5.532055865360497,False,False
medianet,2021,2,26549,2824259,134894549.14999995,1.0,2.0,17660.98,63199.85,27818.05,18.720003921177334,2021-02-01,False,-6.081992713467821,-7.326740296182099,False,False
medianet,2021,3,26124,3279572,156835844.37999997,0.0,0.0,17737.47,63928.88,28433.19,18.870710245494067,2021-03-01,False,16.265516559606684,31.53815457622713,False,False
medianet,2021,4,25355,3056383,152235716.2399997,2.0,2.0,17930.83,64332.16,28241.93,18.840940648922203,2021-04-01,False,-2.9330846900371355,189.8430095852557,False,True
medianet,2021,5,22156,2267353,106316719.42000005,1.0,1.0,17934.3,64513.99,28295.87,18.48193312558049,2021-05-01,False,-30.16309047188922,74.33638942319749,False,False
medianet,2021,6,22905,2605112,115670747.62999997,0.0,0.0,17907.24,65050.55,28252.74,18.5662583393696,2021-06-01,False,8.798266407231026,22.62017510610532,False,False
medianet,2021,7,23411,2854952,123320428.02999996,0.0,0.0,17925.17,65724.75,28472.71,18.630296639973903,2021-07-01,False,6.613323209831146,15.061155523391534,False,False
medianet,2021,8,23964,2854296,127254799.9499999,1.0,1.0,17956.22,66318.48,28673.3,18.661701941170435,2021-08-01,False,3.1903651186183213,7.332543156298943,False,False
medianet,2021,9,26537,2735061,123067419.75,0.0,0.0,17965.89,67114.03,28930.55,18.628242899343793,2021-09-01,False,-3.2905479413312344,-3.497789053413247,False,False
medianet,2021,10,24650,2825301,126261035.12999985,1.0,1.0,18273.42,67692.77,29161.43,18.653862037190372,2021-10-01,False,2.59501286895214,-13.967820021480081,False,False
medianet,2021,11,23458,2797591,128947480.2299998,2.0,2.0,18128.51,67919.47,29428.06,18.67491575718112,2021-11-01,False,2.1276913318776014,-15.971976979530789,False,False
medianet,2021,12,23044,3334692,154734645.33000004,1.0,1.0,18683.97,70075.39,30254.96,18.857222248645524,2021-12-01,True,19.99819232915947,-17.639642751830962,False,False
medianet,2022,1,21782,2600940,113312551.3699999,0.0,0.0,18352.07,69239.45,29590.12,18.54566050865243,2022-01-01,True,-26.76976049653258,-21.10808707778533,False,False
medianet,2022,2,21225,2507973,113019821.78000005,1.0,1.0,18439.18,70046.45,29554.67,18.54307378412369,2022-02-01,False,-0.2583381862473533,-16.21616848704217,False,False
medianet,2022,3,21091,2722589,123261109.26000008,1.0,1.0,18360.04,71033.33,30176.47,18.629815510921702,2022-03-01,False,9.061496752255827,-21.407564866773154,False,False
medianet,2022,4,20516,2572712,126184252.20999996,1.0,1.0,18559.34,70908.39,29664.74,18.653253723820228,2022-04-01,False,2.3715046599442458,-17.11258348134914,False,False
medianet,2022,5,21009,3982731,172810060.11,2.0,2.0,18436.59,71141.79,29594.13,18.967703636655482,2022-05-01,False,36.95057591053743,62.54269418088478,False,False
medianet,2022,6,19737,2244754,104507070.87,0.0,0.0,18555.11,71391.04,29541.45,18.46476530047653,2022-06-01,False,-39.524891778014904,-9.651253224116441,False,False
medianet,2022,7,22029,2930537,127736374.57999998,0.0,0.0,18550.73,71671.62,29414.37,18.665479132280435,2022-07-01,False,22.227494768172875,3.58087189652454,False,False
medianet,2022,8,22561,2841807,128937579.81000005,1.0,1.0,18588.49,72494.98,29650.81,18.67483897553331,2022-08-01,False,0.9403783643849639,1.3223704415560977,False,False
medianet,2022,9,23359,4821856,194812546.48000005,0.0,0.0,18602.56,72737.82,29507.66,19.08754835921333,2022-09-01,False,51.09058721830524,58.2974168758422,False,False
medianet,2022,10,23769,5123165,201743159.68,1.0,1.0,18689.49,72880.73,29442.38,19.1225059645645,2022-10-01,False,3.5575805179013376,59.782596010149035,False,False
medianet,2022,11,21835,4734487,188072145.8700001,2.0,2.0,18957.9,73420.53,29667.63,19.052336207124018,2022-11-01,False,-6.776444778442325,45.85174175915758,False,False
medianet,2022,12,24303,6038795,239476007.84999996,1.0,1.0,19226.42,75310.32,30190.8,19.29396379798143,2022-12-01,True,27.331990998566802,54.76560361725935,False,False
medianet,2023,1,23766,5127147,189726024.25000003,1.0,1.0,18900.64,74852.72,29932.29,19.06109161711368,2023-01-01,True,-20.774516848953706,67.43601830170334,False,False
medianet,2023,2,23860,4803178,175756121.61999995,1.0,2.0,18878.35,75331.19,29945.17,18.984607925146403,2023-02-01,False,-7.363197898245144,55.50911234147928,False,False
medianet,2023,3,24730,5526982,207701183.76999983,0.0,0.0,18995.92,76768.81,30788.16,19.15161099306695,2023-03-01,False,18.175789187626656,68.5050418716309,False,False
medianet,2023,4,25227,5877941,222115761.39999983,1.0,1.0,19160.14,76697.24,29948.66,19.218709256179825,2023-04-01,False,6.9400555973538,76.02494567257688,False,False
medianet,2023,5,25612,5993406,219304007.4899997,2.0,2.0,19110.34,76539.04,29954.21,19.205969491789237,2023-05-01,False,-1.2658957168449336,26.904653207344854,False,False
medianet,2023,6,25880,5959537,216526841.99,0.0,0.0,19120.12,76519.02,29696.36,19.193225083818177,2023-06-01,False,-1.2663541956142055,107.1887004271178,False,False
medianet,2023,7,26361,6267871,229590026.13000005,0.0,0.0,19149.79,76563.01,29579.5,19.251805785621375,2023-07-01,False,6.033055310806845,79.73739029692766,False,False
medianet,2023,8,26675,6185689,232239587.3400001,1.0,1.0,19249.5,77661.06,29807.87,19.263280105116213,2023-08-01,False,1.1540402057795829,80.117842821483,False,False
medianet,2023,9,24481,5562056,204612790.5300001,0.0,0.0,19304.07,77724.47,29606.27,19.136629929224494,2023-09-01,False,-11.895817214639726,5.0306020977997745,False,False
medianet,2023,10,27672,6155510,219930166.44999984,1.0,1.0,19332.48,77979.61,29676.94,19.20882063324621,2023-10-01,False,7.486030506853347,9.01493106326261,False,False
medianet,2023,11,28366,6372752,237523067.17,2.0,2.0,19305.94,78387.23,29967.92,19.285775305859083,2023-11-01,False,7.999312238050726,26.293591255231142,False,False
medianet,2023,12,28795,7330743,244677371.9799999,1.0,1.0,19818.38,80343.61,30488.99,19.315451055727134,2023-12-01,True,3.012046322591244,2.1719771331990323,False,False
medianet,2024,1,27977,5981674,189735072.1199999,1.0,1.0,19496.48,79308.68,29914.05,19.06113930511142,2024-01-01,True,-22.454998357792988,0.004768913508645944,False,False
medianet,2024,2,28301,6174213,197522949.9999999,1.0,2.0,19507.7,80099.19,29922.63,19.101365343148807,2024-02-01,False,4.104606382458642,12.384677233070573,False,False
medianet,2024,3,28518,6311677,201146297.73,1.0,1.0,19551.16,80747.7,30055.16,19.119543055643923,2024-03-01,False,1.8343932844259836,-3.155921367910197,False,False
medianet,2024,4,29524,6730213,216264220.2999999,0.0,0.0,19659.83,81192.92,29888.51,19.19201146485095,2024-04-01,False,7.515884080696722,-2.634455593388585,False,False
medianet,2024,5,29795,7066002,219881107.4300003,2.0,2.0,19641.13,81633.84,29633.51,19.208597542011884,2024-05-01,False,1.672438984582425,0.2631506585792476,False,False
medianet,2024,6,29742,6938562,210274186.04999992,0.0,0.0,19682.31,82395.4,29738.44,19.16392288967761,2024-06-01,False,-4.369143621426764,-2.8877047679330525,False,False
medianet,2024,7,29801,7049586,218968441.81,0.0,0.0,19647.5,82912.15,29737.02,19.204438180639848,2024-07-01,False,4.134723297862508,-4.626326543464843,False,False
medianet,2024,8,30144,7062704,212731002.33999997,1.0,1.0,19792.52,84163.46,30027.81,19.175539030432255,2024-08-01,False,-2.8485563574555117,-8.40019792639376,False,False
medianet,2024,9,30606,6978413,212361996.3700001,0.0,0.0,19754.7,84617.5,30079.87,19.17380291122037,2024-09-01,False,-0.17346130368440793,3.787253875931973,False,False
medianet,2024,10,31093,7277552,208950876.2999998,1.0,1.0,19866.15,85874.27,30432.59,19.157609745461492,2024-10-01,False,-1.606276136176954,-4.992171072855589,False,False
medianet,2024,11,32311,8753741,317497963.5799999,2.0,2.0,19965.19,86665.57,31044.44,19.575981965504816,2024-11-01,False,51.9486154842224,33.6703703614438,False,False
medianet,2024,12,32216,10455514,394561342.22999984,1.0,1.0,20302.2,88484.87,31461.76,19.793285182308953,2024-12-01,True,24.27208596271273,61.25779798805897,False,False
medianet,2025,1,31735,8499028,290930788.8699999,1.0,1.0,19925.58,88682.12,31282.8,19.488595961350136,2025-01-01,True,-26.26475081778059,53.335271976494546,False,False
medianet,2025,2,31802,8055647,279469763.5300003,0.0,0.0,19866.58,89845.34,31354.5,19.44840466771324,2025-02-01,False,-3.9394336311104006,41.487236561625096,False,False
medianet,2025,3,35847,10267516,369887908.24,1.0,2.0,122366.2,90599.4,31766.8,19.72871056970453,2025-03-01,False,32.35346234523633,83.88999072530929,False,False
medianet,2025,4,36838,10316239,380970134.9999995,1.0,1.0,123384.0,91724.2,31659.8,19.75823154681675,2025-04-01,False,2.996104093461982,76.15957668426196,False,False
medianet,2025,5,37674,11052879,394691441.84,2.0,2.0,125208.9,93182.1,32026.8,19.79361486023591,2025-05-01,False,3.601675191678866,79.50220755807815,False,False
